AF,1990,0.295
AF,1991,0.3
AF,1992,0.309
AF,1993,0.305
AF,1994,0.3
AF,1995,0.324
AF,1996,0.328
AF,1997,0.332
AF,1998,0.335
AF,1999,0.338
AF,2000,0.34
AF,2001,0.341
AF,2002,0.373
AF,2003,0.381
AF,2004,0.396
AF,2005,0.405
AF,2006,0.415
AF,2007,0.433
AF,2008,0.434
AF,2009,0.448
AF,2010,0.454
AF,2011,0.463
AF,2012,0.47
AF,2013,0.476
AF,2014,0.479
AF,2015,0.479
AL,1990,0.635
AL,1991,0.618
AL,1992,0.603
AL,1993,0.608
AL,1994,0.616
AL,1995,0.628
AL,1996,0.637
AL,1997,0.636
AL,1998,0.646
AL,1999,0.656
AL,2000,0.662
AL,2001,0.67
AL,2002,0.674
AL,2003,0.681
AL,2004,0.685
AL,2005,0.696
AL,2006,0.703
AL,2007,0.713
AL,2008,0.721
AL,2009,0.725
AL,2010,0.738
AL,2011,0.752
AL,2012,0.759
AL,2013,0.761
AL,2014,0.762
AL,2015,0.764
AG,1990,0.577
AG,1991,0.581
AG,1992,0.587
AG,1993,0.591
AG,1994,0.595
AG,1995,0.6
AG,1996,0.609
AG,1997,0.617
AG,1998,0.627
AG,1999,0.636
AG,2000,0.644
AG,2001,0.653
AG,2002,0.663
AG,2003,0.673
AG,2004,0.68
AG,2005,0.686
AG,2006,0.69
AG,2007,0.697
AG,2008,0.705
AG,2009,0.714
AG,2010,0.724
AG,2011,0.732
AG,2012,0.737
AG,2013,0.741
AG,2014,0.743
AG,2015,0.745
AN,1990,
AN,1991,
AN,1992,
AN,1993,
AN,1994,
AN,1995,
AN,1996,
AN,1997,
AN,1998,
AN,1999,
AN,2000,
AN,2001,
AN,2002,
AN,2003,
AN,2004,
AN,2005,
AN,2006,
AN,2007,
AN,2008,
AN,2009,
AN,2010,0.819
AN,2011,0.819
AN,2012,0.843
AN,2013,0.85
AN,2014,0.857
AN,2015,0.858
AO,1990,
AO,1991,
AO,1992,
AO,1993,
AO,1994,
AO,1995,
AO,1996,
AO,1997,
AO,1998,
AO,1999,0.382
AO,2000,0.391
AO,2001,0.401
AO,2002,0.406
AO,2003,0.415
AO,2004,0.426
AO,2005,0.439
AO,2006,0.454
AO,2007,0.468
AO,2008,0.48
AO,2009,0.488
AO,2010,0.495
AO,2011,0.508
AO,2012,0.523
AO,2013,0.527
AO,2014,0.531
AO,2015,0.533
AC,1990,
AC,1991,
AC,1992,
AC,1993,
AC,1994,
AC,1995,
AC,1996,
AC,1997,
AC,1998,
AC,1999,
AC,2000,
AC,2001,
AC,2002,
AC,2003,
AC,2004,
AC,2005,0.773
AC,2006,0.781
AC,2007,0.786
AC,2008,0.788
AC,2009,0.783
AC,2010,0.782
AC,2011,0.778
AC,2012,0.781
AC,2013,0.782
AC,2014,0.784
AC,2015,0.786
AR,1990,0.705
AR,1991,0.713
AR,1992,0.72
AR,1993,0.725
AR,1994,0.728
AR,1995,0.731
AR,1996,0.738
AR,1997,0.746
AR,1998,0.753
AR,1999,0.764
AR,2000,0.771
AR,2001,0.776
AR,2002,0.77
AR,2003,0.775
AR,2004,0.78
AR,2005,0.782
AR,2006,0.788
AR,2007,0.792
AR,2008,0.794
AR,2009,0.802
AR,2010,0.816
AR,2011,0.822
AR,2012,0.823
AR,2013,0.825
AR,2014,0.826
AR,2015,0.827
AM,1990,0.634
AM,1991,0.628
AM,1992,0.595
AM,1993,0.593
AM,1994,0.597
AM,1995,0.603
AM,1996,0.609
AM,1997,0.618
AM,1998,0.632
AM,1999,0.639
AM,2000,0.644
AM,2001,0.645
AM,2002,0.657
AM,2003,0.668
AM,2004,0.679
AM,2005,0.692
AM,2006,0.707
AM,2007,0.721
AM,2008,0.725
AM,2009,0.72
AM,2010,0.729
AM,2011,0.732
AM,2012,0.736
AM,2013,0.739
AM,2014,0.741
AM,2015,0.743
AS,1990,0.866
AS,1991,0.867
AS,1992,0.871
AS,1993,0.874
AS,1994,0.876
AS,1995,0.885
AS,1996,0.888
AS,1997,0.891
AS,1998,0.894
AS,1999,0.897
AS,2000,0.899
AS,2001,0.902
AS,2002,0.905
AS,2003,0.908
AS,2004,0.91
AS,2005,0.915
AS,2006,0.918
AS,2007,0.921
AS,2008,0.925
AS,2009,0.927
AS,2010,0.927
AS,2011,0.93
AS,2012,0.933
AS,2013,0.936
AS,2014,0.937
AS,2015,0.939
AU,1990,0.794
AU,1991,0.798
AU,1992,0.804
AU,1993,0.806
AU,1994,0.812
AU,1995,0.816
AU,1996,0.819
AU,1997,0.823
AU,1998,0.833
AU,1999,0.833
AU,2000,0.837
AU,2001,0.847
AU,2002,0.837
AU,2003,0.841
AU,2004,0.848
AU,2005,0.854
AU,2006,0.86
AU,2007,0.864
AU,2008,0.87
AU,2009,0.872
AU,2010,0.88
AU,2011,0.884
AU,2012,0.887
AU,2013,0.892
AU,2014,0.892
AU,2015,0.893
AJ,1990,
AJ,1991,
AJ,1992,
AJ,1993,
AJ,1994,
AJ,1995,0.609
AJ,1996,0.61
AJ,1997,0.615
AJ,1998,0.626
AJ,1999,0.636
AJ,2000,0.642
AJ,2001,0.651
AJ,2002,0.659
AJ,2003,0.668
AJ,2004,0.675
AJ,2005,0.682
AJ,2006,0.708
AJ,2007,0.719
AJ,2008,0.728
AJ,2009,0.737
AJ,2010,0.741
AJ,2011,0.742
AJ,2012,0.745
AJ,2013,0.752
AJ,2014,0.758
AJ,2015,0.759
BF,1990,
BF,1991,
BF,1992,
BF,1993,
BF,1994,
BF,1995,
BF,1996,
BF,1997,
BF,1998,
BF,1999,
BF,2000,0.779
BF,2001,0.781
BF,2002,0.783
BF,2003,0.784
BF,2004,0.786
BF,2005,0.788
BF,2006,0.79
BF,2007,0.791
BF,2008,0.791
BF,2009,0.788
BF,2010,0.788
BF,2011,0.789
BF,2012,0.79
BF,2013,0.789
BF,2014,0.79
BF,2015,0.792
BA,1990,0.745
BA,1991,0.751
BA,1992,0.757
BA,1993,0.765
BA,1994,0.768
BA,1995,0.775
BA,1996,0.778
BA,1997,0.779
BA,1998,0.783
BA,1999,0.786
BA,2000,0.794
BA,2001,0.796
BA,2002,0.798
BA,2003,0.803
BA,2004,0.806
BA,2005,0.81
BA,2006,0.813
BA,2007,0.815
BA,2008,0.814
BA,2009,0.81
BA,2010,0.812
BA,2011,0.812
BA,2012,0.815
BA,2013,0.82
BA,2014,0.823
BA,2015,0.824
BG,1990,0.386
BG,1991,0.393
BG,1992,0.4
BG,1993,0.408
BG,1994,0.415
BG,1995,0.423
BG,1996,0.432
BG,1997,0.441
BG,1998,0.45
BG,1999,0.459
BG,2000,0.468
BG,2001,0.476
BG,2002,0.484
BG,2003,0.491
BG,2004,0.499
BG,2005,0.506
BG,2006,0.513
BG,2007,0.52
BG,2008,0.523
BG,2009,0.535
BG,2010,0.545
BG,2011,0.557
BG,2012,0.565
BG,2013,0.57
BG,2014,0.575
BG,2015,0.579
BB,1990,0.714
BB,1991,0.716
BB,1992,0.716
BB,1993,0.72
BB,1994,0.725
BB,1995,0.729
BB,1996,0.733
BB,1997,0.738
BB,1998,0.734
BB,1999,0.741
BB,2000,0.75
BB,2001,0.749
BB,2002,0.753
BB,2003,0.757
BB,2004,0.761
BB,2005,0.766
BB,2006,0.771
BB,2007,0.775
BB,2008,0.779
BB,2009,0.781
BB,2010,0.78
BB,2011,0.785
BB,2012,0.792
BB,2013,0.793
BB,2014,0.794
BB,2015,0.795
BO,1990,
BO,1991,
BO,1992,
BO,1993,
BO,1994,
BO,1995,0.655
BO,1996,0.659
BO,1997,0.666
BO,1998,0.67
BO,1999,0.675
BO,2000,0.681
BO,2001,0.687
BO,2002,0.695
BO,2003,0.703
BO,2004,0.713
BO,2005,0.723
BO,2006,0.739
BO,2007,0.755
BO,2008,0.771
BO,2009,0.78
BO,2010,0.787
BO,2011,0.793
BO,2012,0.796
BO,2013,0.796
BO,2014,0.798
BO,2015,0.796
BE,1990,0.805
BE,1991,0.809
BE,1992,0.824
BE,1993,0.838
BE,1994,0.844
BE,1995,0.851
BE,1996,0.856
BE,1997,0.861
BE,1998,0.865
BE,1999,0.869
BE,2000,0.873
BE,2001,0.875
BE,2002,0.878
BE,2003,0.88
BE,2004,0.861
BE,2005,0.865
BE,2006,0.871
BE,2007,0.874
BE,2008,0.876
BE,2009,0.878
BE,2010,0.884
BE,2011,0.886
BE,2012,0.889
BE,2013,0.89
BE,2014,0.895
BE,2015,0.896
BH,1990,0.648
BH,1991,0.651
BH,1992,0.655
BH,1993,0.656
BH,1994,0.66
BH,1995,0.662
BH,1996,0.659
BH,1997,0.661
BH,1998,0.661
BH,1999,0.668
BH,2000,0.677
BH,2001,0.678
BH,2002,0.684
BH,2003,0.691
BH,2004,0.695
BH,2005,0.692
BH,2006,0.7
BH,2007,0.699
BH,2008,0.7
BH,2009,0.7
BH,2010,0.7
BH,2011,0.702
BH,2012,0.706
BH,2013,0.705
BH,2014,0.706
BH,2015,0.706
BN,1990,0.345
BN,1991,0.351
BN,1992,0.355
BN,1993,0.361
BN,1994,0.365
BN,1995,0.371
BN,1996,0.375
BN,1997,0.38
BN,1998,0.384
BN,1999,0.389
BN,2000,0.395
BN,2001,0.407
BN,2002,0.416
BN,2003,0.423
BN,2004,0.43
BN,2005,0.434
BN,2006,0.438
BN,2007,0.444
BN,2008,0.448
BN,2009,0.451
BN,2010,0.454
BN,2011,0.458
BN,2012,0.466
BN,2013,0.475
BN,2014,0.481
BN,2015,0.485
BT,1990,
BT,1991,
BT,1992,
BT,1993,
BT,1994,
BT,1995,
BT,1996,
BT,1997,
BT,1998,
BT,1999,
BT,2000,
BT,2001,
BT,2002,
BT,2003,
BT,2004,
BT,2005,
BT,2006,
BT,2007,
BT,2008,
BT,2009,
BT,2010,0.572
BT,2011,0.581
BT,2012,0.589
BT,2013,0.596
BT,2014,0.604
BT,2015,0.607
BL,1990,0.535
BL,1991,0.543
BL,1992,0.549
BL,1993,0.556
BL,1994,0.564
BL,1995,0.571
BL,1996,0.577
BL,1997,0.579
BL,1998,0.591
BL,1999,0.6
BL,2000,0.607
BL,2001,0.61
BL,2002,0.617
BL,2003,0.62
BL,2004,0.622
BL,2005,0.625
BL,2006,0.626
BL,2007,0.632
BL,2008,0.636
BL,2009,0.643
BL,2010,0.649
BL,2011,0.655
BL,2012,0.661
BL,2013,0.666
BL,2014,0.671
BL,2015,0.674
BK,1990,
BK,1991,
BK,1992,
BK,1993,
BK,1994,
BK,1995,
BK,1996,
BK,1997,
BK,1998,
BK,1999,
BK,2000,
BK,2001,
BK,2002,
BK,2003,
BK,2004,
BK,2005,0.697
BK,2006,0.703
BK,2007,0.71
BK,2008,0.716
BK,2009,0.717
BK,2010,0.711
BK,2011,0.728
BK,2012,0.735
BK,2013,0.742
BK,2014,0.747
BK,2015,0.75
BC,1990,0.585
BC,1991,0.592
BC,1992,0.59
BC,1993,0.587
BC,1994,0.581
BC,1995,0.58
BC,1996,0.575
BC,1997,0.572
BC,1998,0.564
BC,1999,0.559
BC,2000,0.56
BC,2001,0.558
BC,2002,0.567
BC,2003,0.58
BC,2004,0.593
BC,2005,0.61
BC,2006,0.63
BC,2007,0.646
BC,2008,0.661
BC,2009,0.669
BC,2010,0.678
BC,2011,0.687
BC,2012,0.693
BC,2013,0.697
BC,2014,0.698
BC,2015,0.698
BR,1990,0.611
BR,1991,0.615
BR,1992,0.622
BR,1993,0.631
BR,1994,0.64
BR,1995,0.649
BR,1996,0.656
BR,1997,0.664
BR,1998,0.671
BR,1999,0.677
BR,2000,0.685
BR,2001,0.692
BR,2002,0.699
BR,2003,0.695
BR,2004,0.694
BR,2005,0.698
BR,2006,0.7
BR,2007,0.704
BR,2008,0.714
BR,2009,0.716
BR,2010,0.724
BR,2011,0.73
BR,2012,0.734
BR,2013,0.747
BR,2014,0.754
BR,2015,0.754
BX,1990,0.782
BX,1991,0.787
BX,1992,0.792
BX,1993,0.797
BX,1994,0.801
BX,1995,0.805
BX,1996,0.807
BX,1997,0.81
BX,1998,0.812
BX,1999,0.818
BX,2000,0.819
BX,2001,0.82
BX,2002,0.823
BX,2003,0.828
BX,2004,0.834
BX,2005,0.837
BX,2006,0.84
BX,2007,0.84
BX,2008,0.841
BX,2009,0.845
BX,2010,0.846
BX,2011,0.852
BX,2012,0.86
BX,2013,0.863
BX,2014,0.864
BX,2015,0.865
BU,1990,0.7
BU,1991,0.696
BU,1992,0.696
BU,1993,0.696
BU,1994,0.697
BU,1995,0.702
BU,1996,0.702
BU,1997,0.704
BU,1998,0.709
BU,1999,0.709
BU,2000,0.713
BU,2001,0.723
BU,2002,0.729
BU,2003,0.738
BU,2004,0.745
BU,2005,0.75
BU,2006,0.755
BU,2007,0.761
BU,2008,0.768
BU,2009,0.77
BU,2010,0.775
BU,2011,0.778
BU,2012,0.781
BU,2013,0.787
BU,2014,0.792
BU,2015,0.794
UV,1990,
UV,1991,
UV,1992,
UV,1993,
UV,1994,
UV,1995,
UV,1996,
UV,1997,
UV,1998,
UV,1999,
UV,2000,
UV,2001,
UV,2002,
UV,2003,
UV,2004,
UV,2005,0.325
UV,2006,0.334
UV,2007,0.345
UV,2008,0.356
UV,2009,0.365
UV,2010,0.377
UV,2011,0.384
UV,2012,0.392
UV,2013,0.398
UV,2014,0.399
UV,2015,0.402
BY,1990,0.27
BY,1991,0.273
BY,1992,0.271
BY,1993,0.271
BY,1994,0.27
BY,1995,0.266
BY,1996,0.262
BY,1997,0.264
BY,1998,0.268
BY,1999,0.268
BY,2000,0.268
BY,2001,0.268
BY,2002,0.276
BY,2003,0.279
BY,2004,0.286
BY,2005,0.29
BY,2006,0.309
BY,2007,0.319
BY,2008,0.336
BY,2009,0.361
BY,2010,0.385
BY,2011,0.393
BY,2012,0.398
BY,2013,0.404
BY,2014,0.406
BY,2015,0.404
CV,1990,
CV,1991,
CV,1992,
CV,1993,
CV,1994,
CV,1995,
CV,1996,
CV,1997,
CV,1998,
CV,1999,
CV,2000,0.562
CV,2001,0.569
CV,2002,0.572
CV,2003,0.574
CV,2004,0.582
CV,2005,0.596
CV,2006,0.602
CV,2007,0.615
CV,2008,0.621
CV,2009,0.627
CV,2010,0.632
CV,2011,0.636
CV,2012,0.643
CV,2013,0.643
CV,2014,0.646
CV,2015,0.648
CB,1990,0.357
CB,1991,0.362
CB,1992,0.366
CB,1993,0.368
CB,1994,0.377
CB,1995,0.379
CB,1996,0.391
CB,1997,0.397
CB,1998,0.396
CB,1999,0.401
CB,2000,0.412
CB,2001,0.427
CB,2002,0.445
CB,2003,0.458
CB,2004,0.47
CB,2005,0.483
CB,2006,0.495
CB,2007,0.511
CB,2008,0.52
CB,2009,0.519
CB,2010,0.533
CB,2011,0.54
CB,2012,0.546
CB,2013,0.553
CB,2014,0.558
CB,2015,0.563
CM,1990,0.444
CM,1991,0.442
CM,1992,0.44
CM,1993,0.437
CM,1994,0.435
CM,1995,0.436
CM,1996,0.433
CM,1997,0.434
CM,1998,0.438
CM,1999,0.433
CM,2000,0.437
CM,2001,0.452
CM,2002,0.452
CM,2003,0.455
CM,2004,0.456
CM,2005,0.456
CM,2006,0.456
CM,2007,0.466
CM,2008,0.473
CM,2009,0.48
CM,2010,0.486
CM,2011,0.496
CM,2012,0.501
CM,2013,0.507
CM,2014,0.514
CM,2015,0.518
CA,1990,0.849
CA,1991,0.853
CA,1992,0.855
CA,1993,0.854
CA,1994,0.858
CA,1995,0.86
CA,1996,0.863
CA,1997,0.862
CA,1998,0.861
CA,1999,0.864
CA,2000,0.867
CA,2001,0.872
CA,2002,0.877
CA,2003,0.881
CA,2004,0.886
CA,2005,0.891
CA,2006,0.894
CA,2007,0.897
CA,2008,0.898
CA,2009,0.898
CA,2010,0.903
CA,2011,0.907
CA,2012,0.909
CA,2013,0.912
CA,2014,0.919
CA,2015,0.92
CT,1990,0.32
CT,1991,0.314
CT,1992,0.302
CT,1993,0.302
CT,1994,0.304
CT,1995,0.307
CT,1996,0.304
CT,1997,0.307
CT,1998,0.309
CT,1999,0.312
CT,2000,0.314
CT,2001,0.315
CT,2002,0.316
CT,2003,0.315
CT,2004,0.319
CT,2005,0.323
CT,2006,0.33
CT,2007,0.338
CT,2008,0.345
CT,2009,0.352
CT,2010,0.361
CT,2011,0.366
CT,2012,0.37
CT,2013,0.345
CT,2014,0.347
CT,2015,0.352
CD,1990,
CD,1991,
CD,1992,
CD,1993,
CD,1994,
CD,1995,
CD,1996,
CD,1997,
CD,1998,
CD,1999,
CD,2000,0.3
CD,2001,0.303
CD,2002,0.284
CD,2003,0.301
CD,2004,0.306
CD,2005,0.303
CD,2006,0.306
CD,2007,0.338
CD,2008,0.343
CD,2009,0.36
CD,2010,0.37
CD,2011,0.381
CD,2012,0.387
CD,2013,0.39
CD,2014,0.394
CD,2015,0.396
CI,1990,0.7
CI,1991,0.71
CI,1992,0.718
CI,1993,0.713
CI,1994,0.719
CI,1995,0.728
CI,1996,0.735
CI,1997,0.742
CI,1998,0.748
CI,1999,0.755
CI,2000,0.761
CI,2001,0.768
CI,2002,0.775
CI,2003,0.781
CI,2004,0.79
CI,2005,0.796
CI,2006,0.797
CI,2007,0.804
CI,2008,0.816
CI,2009,0.815
CI,2010,0.82
CI,2011,0.826
CI,2012,0.831
CI,2013,0.841
CI,2014,0.845
CI,2015,0.847
CH,1990,0.499
CH,1991,0.507
CH,1992,0.518
CH,1993,0.528
CH,1994,0.538
CH,1995,0.547
CH,1996,0.557
CH,1997,0.565
CH,1998,0.574
CH,1999,0.583
CH,2000,0.592
CH,2001,0.6
CH,2002,0.61
CH,2003,0.622
CH,2004,0.634
CH,2005,0.646
CH,2006,0.659
CH,2007,0.672
CH,2008,0.682
CH,2009,0.691
CH,2010,0.7
CH,2011,0.703
CH,2012,0.713
CH,2013,0.723
CH,2014,0.734
CH,2015,0.738
CO,1990,0.592
CO,1991,0.595
CO,1992,0.606
CO,1993,0.613
CO,1994,0.62
CO,1995,0.626
CO,1996,0.635
CO,1997,0.643
CO,1998,0.65
CO,1999,0.65
CO,2000,0.653
CO,2001,0.656
CO,2002,0.659
CO,2003,0.658
CO,2004,0.658
CO,2005,0.669
CO,2006,0.675
CO,2007,0.683
CO,2008,0.691
CO,2009,0.695
CO,2010,0.7
CO,2011,0.707
CO,2012,0.712
CO,2013,0.72
CO,2014,0.724
CO,2015,0.727
CN,1990,
CN,1991,
CN,1992,
CN,1993,
CN,1994,
CN,1995,
CN,1996,
CN,1997,
CN,1998,
CN,1999,
CN,2000,
CN,2001,
CN,2002,
CN,2003,
CN,2004,0.434
CN,2005,0.451
CN,2006,0.459
CN,2007,0.461
CN,2008,0.465
CN,2009,0.476
CN,2010,0.479
CN,2011,0.484
CN,2012,0.49
CN,2013,0.497
CN,2014,0.498
CN,2015,0.498
CF,1990,0.521
CF,1991,0.519
CF,1992,0.518
CF,1993,0.513
CF,1994,0.505
CF,1995,0.493
CF,1996,0.49
CF,1997,0.493
CF,1998,0.495
CF,1999,0.487
CF,2000,0.487
CF,2001,0.488
CF,2002,0.492
CF,2003,0.497
CF,2004,0.496
CF,2005,0.507
CF,2006,0.517
CF,2007,0.527
CF,2008,0.545
CF,2009,0.548
CF,2010,0.558
CF,2011,0.557
CF,2012,0.576
CF,2013,0.581
CF,2014,0.59
CF,2015,0.592
CG,1990,0.356
CG,1991,0.352
CG,1992,0.346
CG,1993,0.339
CG,1994,0.333
CG,1995,0.331
CG,1996,0.33
CG,1997,0.333
CG,1998,0.334
CG,1999,0.332
CG,2000,0.331
CG,2001,0.332
CG,2002,0.339
CG,2003,0.347
CG,2004,0.355
CG,2005,0.364
CG,2006,0.37
CG,2007,0.377
CG,2008,0.389
CG,2009,0.395
CG,2010,0.398
CG,2011,0.407
CG,2012,0.412
CG,2013,0.419
CG,2014,0.425
CG,2015,0.435
CS,1990,0.653
CS,1991,0.658
CS,1992,0.667
CS,1993,0.673
CS,1994,0.679
CS,1995,0.684
CS,1996,0.687
CS,1997,0.693
CS,1998,0.699
CS,1999,0.702
CS,2000,0.708
CS,2001,0.712
CS,2002,0.715
CS,2003,0.719
CS,2004,0.723
CS,2005,0.727
CS,2006,0.734
CS,2007,0.74
CS,2008,0.747
CS,2009,0.749
CS,2010,0.752
CS,2011,0.758
CS,2012,0.762
CS,2013,0.768
CS,2014,0.775
CS,2015,0.776
HR,1990,0.669
HR,1991,0.664
HR,1992,0.663
HR,1993,0.666
HR,1994,0.68
HR,1995,0.695
HR,1996,0.707
HR,1997,0.719
HR,1998,0.73
HR,1999,0.739
HR,2000,0.749
HR,2001,0.759
HR,2002,0.765
HR,2003,0.771
HR,2004,0.777
HR,2005,0.783
HR,2006,0.793
HR,2007,0.8
HR,2008,0.803
HR,2009,0.803
HR,2010,0.808
HR,2011,0.815
HR,2012,0.817
HR,2013,0.82
HR,2014,0.823
HR,2015,0.827
CU,1990,0.676
CU,1991,0.67
CU,1992,0.663
CU,1993,0.656
CU,1994,0.652
CU,1995,0.654
CU,1996,0.665
CU,1997,0.669
CU,1998,0.672
CU,1999,0.679
CU,2000,0.686
CU,2001,0.692
CU,2002,0.694
CU,2003,0.705
CU,2004,0.719
CU,2005,0.732
CU,2006,0.754
CU,2007,0.771
CU,2008,0.782
CU,2009,0.784
CU,2010,0.78
CU,2011,0.778
CU,2012,0.773
CU,2013,0.772
CU,2014,0.773
CU,2015,0.775
CY,1990,0.733
CY,1991,0.736
CY,1992,0.741
CY,1993,0.778
CY,1994,0.782
CY,1995,0.784
CY,1996,0.788
CY,1997,0.791
CY,1998,0.798
CY,1999,0.798
CY,2000,0.8
CY,2001,0.805
CY,2002,0.815
CY,2003,0.823
CY,2004,0.826
CY,2005,0.829
CY,2006,0.836
CY,2007,0.844
CY,2008,0.849
CY,2009,0.853
CY,2010,0.847
CY,2011,0.85
CY,2012,0.85
CY,2013,0.85
CY,2014,0.854
CY,2015,0.856
EZ,1990,0.761
EZ,1991,0.759
EZ,1992,0.761
EZ,1993,0.767
EZ,1994,0.776
EZ,1995,0.785
EZ,1996,0.797
EZ,1997,0.802
EZ,1998,0.802
EZ,1999,0.811
EZ,2000,0.821
EZ,2001,0.828
EZ,2002,0.833
EZ,2003,0.839
EZ,2004,0.84
EZ,2005,0.847
EZ,2006,0.851
EZ,2007,0.856
EZ,2008,0.858
EZ,2009,0.859
EZ,2010,0.861
EZ,2011,0.864
EZ,2012,0.865
EZ,2013,0.871
EZ,2014,0.875
EZ,2015,0.878
IV,1990,0.389
IV,1991,0.388
IV,1992,0.388
IV,1993,0.387
IV,1994,0.387
IV,1995,0.388
IV,1996,0.389
IV,1997,0.392
IV,1998,0.39
IV,1999,0.393
IV,2000,0.395
IV,2001,0.397
IV,2002,0.398
IV,2003,0.4
IV,2004,0.406
IV,2005,0.413
IV,2006,0.418
IV,2007,0.423
IV,2008,0.431
IV,2009,0.436
IV,2010,0.441
IV,2011,0.444
IV,2012,0.452
IV,2013,0.459
IV,2014,0.466
IV,2015,0.474
DA,1990,0.799
DA,1991,0.803
DA,1992,0.808
DA,1993,0.815
DA,1994,0.823
DA,1995,0.83
DA,1996,0.836
DA,1997,0.842
DA,1998,0.848
DA,1999,0.86
DA,2000,0.862
DA,2001,0.875
DA,2002,0.882
DA,2003,0.893
DA,2004,0.897
DA,2005,0.902
DA,2006,0.904
DA,2007,0.906
DA,2008,0.906
DA,2009,0.906
DA,2010,0.91
DA,2011,0.922
DA,2012,0.924
DA,2013,0.926
DA,2014,0.923
DA,2015,0.925
DJ,1990,
DJ,1991,
DJ,1992,
DJ,1993,
DJ,1994,
DJ,1995,0.353
DJ,1996,0.351
DJ,1997,0.356
DJ,1998,0.358
DJ,1999,0.361
DJ,2000,0.363
DJ,2001,0.372
DJ,2002,0.378
DJ,2003,0.388
DJ,2004,0.396
DJ,2005,0.405
DJ,2006,0.416
DJ,2007,0.427
DJ,2008,0.436
DJ,2009,0.441
DJ,2010,0.451
DJ,2011,0.46
DJ,2012,0.464
DJ,2013,0.467
DJ,2014,0.47
DJ,2015,0.473
DO,1990,
DO,1991,
DO,1992,
DO,1993,
DO,1994,
DO,1995,
DO,1996,
DO,1997,
DO,1998,
DO,1999,
DO,2000,0.695
DO,2001,0.699
DO,2002,0.698
DO,2003,0.704
DO,2004,0.703
DO,2005,0.705
DO,2006,0.711
DO,2007,0.714
DO,2008,0.72
DO,2009,0.721
DO,2010,0.722
DO,2011,0.722
DO,2012,0.721
DO,2013,0.724
DO,2014,0.724
DO,2015,0.726
DR,1990,0.596
DR,1991,0.601
DR,1992,0.61
DR,1993,0.617
DR,1994,0.622
DR,1995,0.628
DR,1996,0.634
DR,1997,0.64
DR,1998,0.645
DR,1999,0.651
DR,2000,0.656
DR,2001,0.66
DR,2002,0.665
DR,2003,0.666
DR,2004,0.668
DR,2005,0.677
DR,2006,0.685
DR,2007,0.692
DR,2008,0.695
DR,2009,0.697
DR,2010,0.703
DR,2011,0.706
DR,2012,0.709
DR,2013,0.712
DR,2014,0.718
DR,2015,0.722
EC,1990,0.643
EC,1991,0.646
EC,1992,0.65
EC,1993,0.654
EC,1994,0.658
EC,1995,0.662
EC,1996,0.664
EC,1997,0.668
EC,1998,0.671
EC,1999,0.668
EC,2000,0.67
EC,2001,0.675
EC,2002,0.679
EC,2003,0.682
EC,2004,0.688
EC,2005,0.693
EC,2006,0.696
EC,2007,0.698
EC,2008,0.702
EC,2009,0.703
EC,2010,0.71
EC,2011,0.717
EC,2012,0.725
EC,2013,0.737
EC,2014,0.739
EC,2015,0.739
EG,1990,0.547
EG,1991,0.551
EG,1992,0.557
EG,1993,0.563
EG,1994,0.57
EG,1995,0.577
EG,1996,0.585
EG,1997,0.592
EG,1998,0.593
EG,1999,0.606
EG,2000,0.612
EG,2001,0.617
EG,2002,0.621
EG,2003,0.623
EG,2004,0.629
EG,2005,0.636
EG,2006,0.644
EG,2007,0.651
EG,2008,0.659
EG,2009,0.665
EG,2010,0.671
EG,2011,0.673
EG,2012,0.681
EG,2013,0.686
EG,2014,0.688
EG,2015,0.691
ES,1990,0.529
ES,1991,0.534
ES,1992,0.546
ES,1993,0.557
ES,1994,0.567
ES,1995,0.577
ES,1996,0.585
ES,1997,0.595
ES,1998,0.604
ES,1999,0.607
ES,2000,0.615
ES,2001,0.621
ES,2002,0.628
ES,2003,0.636
ES,2004,0.644
ES,2005,0.651
ES,2006,0.657
ES,2007,0.659
ES,2008,0.662
ES,2009,0.662
ES,2010,0.666
ES,2011,0.67
ES,2012,0.675
ES,2013,0.676
ES,2014,0.678
ES,2015,0.68
EK,1990,
EK,1991,
EK,1992,
EK,1993,
EK,1994,
EK,1995,
EK,1996,
EK,1997,
EK,1998,
EK,1999,
EK,2000,0.527
EK,2001,0.542
EK,2002,0.554
EK,2003,0.553
EK,2004,0.563
EK,2005,0.569
EK,2006,0.587
EK,2007,0.592
EK,2008,0.59
EK,2009,0.589
EK,2010,0.58
EK,2011,0.583
EK,2012,0.586
EK,2013,0.582
EK,2014,0.582
EK,2015,0.592
ER,1990,
ER,1991,
ER,1992,
ER,1993,
ER,1994,
ER,1995,
ER,1996,
ER,1997,
ER,1998,
ER,1999,
ER,2000,
ER,2001,
ER,2002,
ER,2003,
ER,2004,
ER,2005,0.405
ER,2006,0.405
ER,2007,0.406
ER,2008,0.402
ER,2009,0.404
ER,2010,0.405
ER,2011,0.41
ER,2012,0.414
ER,2013,0.416
ER,2014,0.418
ER,2015,0.42
EN,1990,0.728
EN,1991,0.723
EN,1992,0.715
EN,1993,0.708
EN,1994,0.712
EN,1995,0.722
EN,1996,0.733
EN,1997,0.746
EN,1998,0.758
EN,1999,0.764
EN,2000,0.781
EN,2001,0.791
EN,2002,0.798
EN,2003,0.805
EN,2004,0.812
EN,2005,0.822
EN,2006,0.829
EN,2007,0.835
EN,2008,0.836
EN,2009,0.833
EN,2010,0.838
EN,2011,0.85
EN,2012,0.856
EN,2013,0.86
EN,2014,0.863
EN,2015,0.865
ET,1990,
ET,1991,
ET,1992,
ET,1993,
ET,1994,
ET,1995,
ET,1996,
ET,1997,
ET,1998,
ET,1999,
ET,2000,0.283
ET,2001,0.298
ET,2002,0.306
ET,2003,0.31
ET,2004,0.325
ET,2005,0.346
ET,2006,0.362
ET,2007,0.378
ET,2008,0.393
ET,2009,0.401
ET,2010,0.411
ET,2011,0.422
ET,2012,0.427
ET,2013,0.435
ET,2014,0.441
ET,2015,0.448
FJ,1990,0.641
FJ,1991,0.649
FJ,1992,0.653
FJ,1993,0.658
FJ,1994,0.664
FJ,1995,0.67
FJ,1996,0.675
FJ,1997,0.675
FJ,1998,0.675
FJ,1999,0.681
FJ,2000,0.683
FJ,2001,0.687
FJ,2002,0.689
FJ,2003,0.691
FJ,2004,0.699
FJ,2005,0.695
FJ,2006,0.698
FJ,2007,0.7
FJ,2008,0.704
FJ,2009,0.706
FJ,2010,0.709
FJ,2011,0.714
FJ,2012,0.719
FJ,2013,0.727
FJ,2014,0.734
FJ,2015,0.736
FI,1990,0.783
FI,1991,0.786
FI,1992,0.794
FI,1993,0.798
FI,1994,0.808
FI,1995,0.815
FI,1996,0.822
FI,1997,0.83
FI,1998,0.839
FI,1999,0.847
FI,2000,0.856
FI,2001,0.863
FI,2002,0.866
FI,2003,0.869
FI,2004,0.864
FI,2005,0.869
FI,2006,0.873
FI,2007,0.876
FI,2008,0.878
FI,2009,0.874
FI,2010,0.878
FI,2011,0.884
FI,2012,0.887
FI,2013,0.89
FI,2014,0.893
FI,2015,0.895
FR,1990,0.779
FR,1991,0.788
FR,1992,0.798
FR,1993,0.803
FR,1994,0.818
FR,1995,0.825
FR,1996,0.83
FR,1997,0.834
FR,1998,0.839
FR,1999,0.844
FR,2000,0.849
FR,2001,0.851
FR,2002,0.852
FR,2003,0.857
FR,2004,0.86
FR,2005,0.87
FR,2006,0.873
FR,2007,0.877
FR,2008,0.879
FR,2009,0.879
FR,2010,0.882
FR,2011,0.885
FR,2012,0.887
FR,2013,0.89
FR,2014,0.894
FR,2015,0.897
GB,1990,0.62
GB,1991,0.625
GB,1992,0.625
GB,1993,0.628
GB,1994,0.631
GB,1995,0.634
GB,1996,0.636
GB,1997,0.638
GB,1998,0.641
GB,1999,0.637
GB,2000,0.633
GB,2001,0.636
GB,2002,0.638
GB,2003,0.64
GB,2004,0.64
GB,2005,0.646
GB,2006,0.645
GB,2007,0.651
GB,2008,0.652
GB,2009,0.66
GB,2010,0.664
GB,2011,0.669
GB,2012,0.678
GB,2013,0.687
GB,2014,0.694
GB,2015,0.697
GA,1990,0.33
GA,1991,0.336
GA,1992,0.34
GA,1993,0.345
GA,1994,0.348
GA,1995,0.351
GA,1996,0.357
GA,1997,0.363
GA,1998,0.369
GA,1999,0.377
GA,2000,0.384
GA,2001,0.392
GA,2002,0.395
GA,2003,0.404
GA,2004,0.412
GA,2005,0.415
GA,2006,0.42
GA,2007,0.426
GA,2008,0.434
GA,2009,0.439
GA,2010,0.441
GA,2011,0.44
GA,2012,0.445
GA,2013,0.449
GA,2014,0.45
GA,2015,0.452
GG,1990,
GG,1991,
GG,1992,
GG,1993,
GG,1994,
GG,1995,
GG,1996,
GG,1997,
GG,1998,
GG,1999,
GG,2000,0.673
GG,2001,0.677
GG,2002,0.684
GG,2003,0.694
GG,2004,0.703
GG,2005,0.714
GG,2006,0.722
GG,2007,0.735
GG,2008,0.734
GG,2009,0.738
GG,2010,0.742
GG,2011,0.749
GG,2012,0.755
GG,2013,0.759
GG,2014,0.768
GG,2015,0.769
GM,1990,0.801
GM,1991,0.809
GM,1992,0.814
GM,1993,0.822
GM,1994,0.828
GM,1995,0.834
GM,1996,0.84
GM,1997,0.845
GM,1998,0.85
GM,1999,0.855
GM,2000,0.86
GM,2001,0.867
GM,2002,0.872
GM,2003,0.877
GM,2004,0.884
GM,2005,0.892
GM,2006,0.898
GM,2007,0.903
GM,2008,0.906
GM,2009,0.907
GM,2010,0.912
GM,2011,0.916
GM,2012,0.919
GM,2013,0.92
GM,2014,0.924
GM,2015,0.926
GH,1990,0.455
GH,1991,0.46
GH,1992,0.464
GH,1993,0.468
GH,1994,0.47
GH,1995,0.473
GH,1996,0.474
GH,1997,0.476
GH,1998,0.477
GH,1999,0.48
GH,2000,0.485
GH,2001,0.484
GH,2002,0.489
GH,2003,0.491
GH,2004,0.499
GH,2005,0.51
GH,2006,0.519
GH,2007,0.53
GH,2008,0.542
GH,2009,0.547
GH,2010,0.554
GH,2011,0.563
GH,2012,0.57
GH,2013,0.576
GH,2014,0.575
GH,2015,0.579
GR,1990,0.76
GR,1991,0.77
GR,1992,0.771
GR,1993,0.769
GR,1994,0.772
GR,1995,0.774
GR,1996,0.777
GR,1997,0.782
GR,1998,0.792
GR,1999,0.794
GR,2000,0.801
GR,2001,0.811
GR,2002,0.823
GR,2003,0.83
GR,2004,0.839
GR,2005,0.85
GR,2006,0.855
GR,2007,0.853
GR,2008,0.857
GR,2009,0.859
GR,2010,0.86
GR,2011,0.858
GR,2012,0.86
GR,2013,0.862
GR,2014,0.865
GR,2015,0.866
GJ,1990,
GJ,1991,
GJ,1992,
GJ,1993,
GJ,1994,
GJ,1995,
GJ,1996,
GJ,1997,
GJ,1998,
GJ,1999,
GJ,2000,
GJ,2001,
GJ,2002,
GJ,2003,
GJ,2004,
GJ,2005,
GJ,2006,
GJ,2007,
GJ,2008,
GJ,2009,
GJ,2010,0.741
GJ,2011,0.744
GJ,2012,0.746
GJ,2013,0.749
GJ,2014,0.751
GJ,2015,0.754
GT,1990,0.478
GT,1991,0.484
GT,1992,0.49
GT,1993,0.495
GT,1994,0.5
GT,1995,0.507
GT,1996,0.515
GT,1997,0.523
GT,1998,0.531
GT,1999,0.539
GT,2000,0.546
GT,2001,0.553
GT,2002,0.56
GT,2003,0.564
GT,2004,0.567
GT,2005,0.57
GT,2006,0.578
GT,2007,0.589
GT,2008,0.596
GT,2009,0.602
GT,2010,0.609
GT,2011,0.616
GT,2012,0.611
GT,2013,0.614
GT,2014,0.637
GT,2015,0.64
GV,1990,0.271
GV,1991,0.275
GV,1992,0.278
GV,1993,0.282
GV,1994,0.286
GV,1995,0.29
GV,1996,0.294
GV,1997,0.302
GV,1998,0.309
GV,1999,0.316
GV,2000,0.322
GV,2001,0.329
GV,2002,0.338
GV,2003,0.325
GV,2004,0.346
GV,2005,0.356
GV,2006,0.364
GV,2007,0.371
GV,2008,0.376
GV,2009,0.38
GV,2010,0.385
GV,2011,0.396
GV,2012,0.406
GV,2013,0.412
GV,2014,0.414
GV,2015,0.414
PU,1990,
PU,1991,
PU,1992,
PU,1993,
PU,1994,
PU,1995,
PU,1996,
PU,1997,
PU,1998,
PU,1999,
PU,2000,
PU,2001,
PU,2002,
PU,2003,
PU,2004,
PU,2005,0.388
PU,2006,0.394
PU,2007,0.398
PU,2008,0.401
PU,2009,0.405
PU,2010,0.41
PU,2011,0.416
PU,2012,0.415
PU,2013,0.419
PU,2014,0.421
PU,2015,0.424
GY,1990,0.541
GY,1991,0.537
GY,1992,0.552
GY,1993,0.566
GY,1994,0.576
GY,1995,0.582
GY,1996,0.592
GY,1997,0.597
GY,1998,0.599
GY,1999,0.602
GY,2000,0.606
GY,2001,0.609
GY,2002,0.611
GY,2003,0.613
GY,2004,0.619
GY,2005,0.622
GY,2006,0.62
GY,2007,0.618
GY,2008,0.618
GY,2009,0.618
GY,2010,0.624
GY,2011,0.63
GY,2012,0.633
GY,2013,0.636
GY,2014,0.638
GY,2015,0.638
HA,1990,0.408
HA,1991,0.408
HA,1992,0.405
HA,1993,0.413
HA,1994,0.416
HA,1995,0.417
HA,1996,0.426
HA,1997,0.432
HA,1998,0.435
HA,1999,0.439
HA,2000,0.443
HA,2001,0.444
HA,2002,0.447
HA,2003,0.45
HA,2004,0.452
HA,2005,0.455
HA,2006,0.458
HA,2007,0.462
HA,2008,0.466
HA,2009,0.47
HA,2010,0.47
HA,2011,0.477
HA,2012,0.483
HA,2013,0.487
HA,2014,0.49
HA,2015,0.493
HO,1990,0.507
HO,1991,0.509
HO,1992,0.514
HO,1993,0.522
HO,1994,0.525
HO,1995,0.53
HO,1996,0.536
HO,1997,0.543
HO,1998,0.548
HO,1999,0.551
HO,2000,0.557
HO,2001,0.561
HO,2002,0.566
HO,2003,0.571
HO,2004,0.577
HO,2005,0.583
HO,2006,0.59
HO,2007,0.597
HO,2008,0.603
HO,2009,0.606
HO,2010,0.611
HO,2011,0.614
HO,2012,0.614
HO,2013,0.618
HO,2014,0.623
HO,2015,0.625
HK,1990,0.781
HK,1991,0.786
HK,1992,0.791
HK,1993,0.799
HK,1994,0.804
HK,1995,0.808
HK,1996,0.811
HK,1997,0.815
HK,1998,0.816
HK,1999,0.819
HK,2000,0.825
HK,2001,0.833
HK,2002,0.841
HK,2003,0.851
HK,2004,0.861
HK,2005,0.87
HK,2006,0.881
HK,2007,0.887
HK,2008,0.892
HK,2009,0.894
HK,2010,0.898
HK,2011,0.905
HK,2012,0.907
HK,2013,0.913
HK,2014,0.916
HK,2015,0.917
HU,1990,0.703
HU,1991,0.701
HU,1992,0.706
HU,1993,0.719
HU,1994,0.733
HU,1995,0.741
HU,1996,0.745
HU,1997,0.747
HU,1998,0.754
HU,1999,0.761
HU,2000,0.769
HU,2001,0.775
HU,2002,0.784
HU,2003,0.793
HU,2004,0.795
HU,2005,0.802
HU,2006,0.809
HU,2007,0.812
HU,2008,0.816
HU,2009,0.817
HU,2010,0.821
HU,2011,0.823
HU,2012,0.824
HU,2013,0.834
HU,2014,0.834
HU,2015,0.836
IC,1990,0.797
IC,1991,0.809
IC,1992,0.812
IC,1993,0.812
IC,1994,0.818
IC,1995,0.82
IC,1996,0.825
IC,1997,0.833
IC,1998,0.843
IC,1999,0.847
IC,2000,0.854
IC,2001,0.859
IC,2002,0.866
IC,2003,0.873
IC,2004,0.879
IC,2005,0.884
IC,2006,0.887
IC,2007,0.892
IC,2008,0.894
IC,2009,0.894
IC,2010,0.894
IC,2011,0.901
IC,2012,0.907
IC,2013,0.915
IC,2014,0.919
IC,2015,0.921
IN,1990,0.428
IN,1991,0.432
IN,1992,0.439
IN,1993,0.445
IN,1994,0.453
IN,1995,0.46
IN,1996,0.468
IN,1997,0.474
IN,1998,0.481
IN,1999,0.489
IN,2000,0.494
IN,2001,0.499
IN,2002,0.505
IN,2003,0.518
IN,2004,0.526
IN,2005,0.536
IN,2006,0.546
IN,2007,0.556
IN,2008,0.563
IN,2009,0.569
IN,2010,0.58
IN,2011,0.59
IN,2012,0.599
IN,2013,0.607
IN,2014,0.615
IN,2015,0.624
ID,1990,0.528
ID,1991,0.528
ID,1992,0.534
ID,1993,0.545
ID,1994,0.554
ID,1995,0.564
ID,1996,0.577
ID,1997,0.59
ID,1998,0.59
ID,1999,0.597
ID,2000,0.604
ID,2001,0.608
ID,2002,0.613
ID,2003,0.624
ID,2004,0.629
ID,2005,0.632
ID,2006,0.638
ID,2007,0.641
ID,2008,0.645
ID,2009,0.656
ID,2010,0.662
ID,2011,0.669
ID,2012,0.677
ID,2013,0.682
ID,2014,0.686
ID,2015,0.689
IR,1990,0.572
IR,1991,0.59
IR,1992,0.603
IR,1993,0.614
IR,1994,0.623
IR,1995,0.634
IR,1996,0.642
IR,1997,0.648
IR,1998,0.654
IR,1999,0.66
IR,2000,0.666
IR,2001,0.674
IR,2002,0.679
IR,2003,0.686
IR,2004,0.687
IR,2005,0.692
IR,2006,0.704
IR,2007,0.716
IR,2008,0.728
IR,2009,0.735
IR,2010,0.745
IR,2011,0.755
IR,2012,0.769
IR,2013,0.77
IR,2014,0.774
IR,2015,0.774
IZ,1990,0.572
IZ,1991,0.527
IZ,1992,0.541
IZ,1993,0.561
IZ,1994,0.561
IZ,1995,0.553
IZ,1996,0.572
IZ,1997,0.582
IZ,1998,0.596
IZ,1999,0.603
IZ,2000,0.607
IZ,2001,0.614
IZ,2002,0.616
IZ,2003,0.603
IZ,2004,0.628
IZ,2005,0.631
IZ,2006,0.636
IZ,2007,0.638
IZ,2008,0.643
IZ,2009,0.646
IZ,2010,0.649
IZ,2011,0.656
IZ,2012,0.659
IZ,2013,0.658
IZ,2014,0.649
IZ,2015,0.649
EI,1990,0.762
EI,1991,0.766
EI,1992,0.772
EI,1993,0.78
EI,1994,0.788
EI,1995,0.794
EI,1996,0.801
EI,1997,0.809
EI,1998,0.84
EI,1999,0.848
EI,2000,0.857
EI,2001,0.862
EI,2002,0.87
EI,2003,0.88
EI,2004,0.889
EI,2005,0.896
EI,2006,0.902
EI,2007,0.908
EI,2008,0.909
EI,2009,0.907
EI,2010,0.909
EI,2011,0.895
EI,2012,0.902
EI,2013,0.91
EI,2014,0.92
EI,2015,0.923
IS,1990,0.785
IS,1991,0.794
IS,1992,0.801
IS,1993,0.806
IS,1994,0.811
IS,1995,0.817
IS,1996,0.823
IS,1997,0.831
IS,1998,0.839
IS,1999,0.845
IS,2000,0.85
IS,2001,0.855
IS,2002,0.863
IS,2003,0.863
IS,2004,0.866
IS,2005,0.87
IS,2006,0.872
IS,2007,0.877
IS,2008,0.876
IS,2009,0.878
IS,2010,0.883
IS,2011,0.889
IS,2012,0.891
IS,2013,0.895
IS,2014,0.898
IS,2015,0.899
IT,1990,0.768
IT,1991,0.773
IT,1992,0.779
IT,1993,0.784
IT,1994,0.793
IT,1995,0.799
IT,1996,0.805
IT,1997,0.812
IT,1998,0.818
IT,1999,0.823
IT,2000,0.828
IT,2001,0.836
IT,2002,0.841
IT,2003,0.846
IT,2004,0.851
IT,2005,0.856
IT,2006,0.862
IT,2007,0.866
IT,2008,0.868
IT,2009,0.869
IT,2010,0.872
IT,2011,0.877
IT,2012,0.876
IT,2013,0.877
IT,2014,0.881
IT,2015,0.887
JM,1990,0.651
JM,1991,0.656
JM,1992,0.658
JM,1993,0.667
JM,1994,0.669
JM,1995,0.671
JM,1996,0.675
JM,1997,0.677
JM,1998,0.678
JM,1999,0.682
JM,2000,0.68
JM,2001,0.69
JM,2002,0.694
JM,2003,0.689
JM,2004,0.706
JM,2005,0.709
JM,2006,0.714
JM,2007,0.718
JM,2008,0.721
JM,2009,0.721
JM,2010,0.722
JM,2011,0.725
JM,2012,0.727
JM,2013,0.727
JM,2014,0.729
JM,2015,0.73
JA,1990,0.814
JA,1991,0.819
JA,1992,0.822
JA,1993,0.828
JA,1994,0.834
JA,1995,0.838
JA,1996,0.842
JA,1997,0.846
JA,1998,0.848
JA,1999,0.852
JA,2000,0.856
JA,2001,0.86
JA,2002,0.863
JA,2003,0.866
JA,2004,0.87
JA,2005,0.873
JA,2006,0.877
JA,2007,0.88
JA,2008,0.881
JA,2009,0.879
JA,2010,0.884
JA,2011,0.889
JA,2012,0.894
JA,2013,0.899
JA,2014,0.902
JA,2015,0.903
JO,1990,0.62
JO,1991,0.63
JO,1992,0.651
JO,1993,0.662
JO,1994,0.673
JO,1995,0.687
JO,1996,0.689
JO,1997,0.693
JO,1998,0.697
JO,1999,0.7
JO,2000,0.706
JO,2001,0.712
JO,2002,0.717
JO,2003,0.723
JO,2004,0.73
JO,2005,0.733
JO,2006,0.736
JO,2007,0.739
JO,2008,0.742
JO,2009,0.739
JO,2010,0.737
JO,2011,0.735
JO,2012,0.737
JO,2013,0.737
JO,2014,0.741
JO,2015,0.742
KZ,1990,0.69
KZ,1991,0.684
KZ,1992,0.682
KZ,1993,0.676
KZ,1994,0.668
KZ,1995,0.665
KZ,1996,0.666
KZ,1997,0.67
KZ,1998,0.672
KZ,1999,0.676
KZ,2000,0.685
KZ,2001,0.7
KZ,2002,0.714
KZ,2003,0.725
KZ,2004,0.737
KZ,2005,0.747
KZ,2006,0.754
KZ,2007,0.758
KZ,2008,0.758
KZ,2009,0.763
KZ,2010,0.766
KZ,2011,0.774
KZ,2012,0.782
KZ,2013,0.789
KZ,2014,0.793
KZ,2015,0.794
KE,1990,0.473
KE,1991,0.471
KE,1992,0.468
KE,1993,0.463
KE,1994,0.46
KE,1995,0.459
KE,1996,0.456
KE,1997,0.452
KE,1998,0.45
KE,1999,0.448
KE,2000,0.447
KE,2001,0.451
KE,2002,0.45
KE,2003,0.461
KE,2004,0.474
KE,2005,0.483
KE,2006,0.494
KE,2007,0.506
KE,2008,0.514
KE,2009,0.523
KE,2010,0.53
KE,2011,0.536
KE,2012,0.541
KE,2013,0.546
KE,2014,0.55
KE,2015,0.555
KR,1990,
KR,1991,
KR,1992,
KR,1993,
KR,1994,
KR,1995,
KR,1996,
KR,1997,
KR,1998,
KR,1999,
KR,2000,
KR,2001,
KR,2002,
KR,2003,
KR,2004,
KR,2005,0.576
KR,2006,0.574
KR,2007,0.572
KR,2008,0.576
KR,2009,0.584
KR,2010,0.585
KR,2011,0.581
KR,2012,0.589
KR,2013,0.597
KR,2014,0.586
KR,2015,0.588
KS,1990,0.731
KS,1991,0.741
KS,1992,0.749
KS,1993,0.759
KS,1994,0.77
KS,1995,0.781
KS,1996,0.792
KS,1997,0.802
KS,1998,0.8
KS,1999,0.811
KS,2000,0.82
KS,2001,0.826
KS,2002,0.835
KS,2003,0.843
KS,2004,0.852
KS,2005,0.86
KS,2006,0.867
KS,2007,0.873
KS,2008,0.876
KS,2009,0.87
KS,2010,0.884
KS,2011,0.889
KS,2012,0.891
KS,2013,0.896
KS,2014,0.899
KS,2015,0.901
KU,1990,0.713
KU,1991,0.673
KU,1992,0.666
KU,1993,0.695
KU,1994,0.721
KU,1995,0.747
KU,1996,0.772
KU,1997,0.775
KU,1998,0.78
KU,1999,0.786
KU,2000,0.786
KU,2001,0.785
KU,2002,0.788
KU,2003,0.791
KU,2004,0.789
KU,2005,0.787
KU,2006,0.787
KU,2007,0.787
KU,2008,0.788
KU,2009,0.79
KU,2010,0.792
KU,2011,0.794
KU,2012,0.796
KU,2013,0.787
KU,2014,0.799
KU,2015,0.8
KG,1990,0.615
KG,1991,0.609
KG,1992,0.599
KG,1993,0.586
KG,1994,0.568
KG,1995,0.562
KG,1996,0.567
KG,1997,0.576
KG,1998,0.58
KG,1999,0.586
KG,2000,0.593
KG,2001,0.601
KG,2002,0.602
KG,2003,0.609
KG,2004,0.612
KG,2005,0.613
KG,2006,0.618
KG,2007,0.624
KG,2008,0.629
KG,2009,0.631
KG,2010,0.632
KG,2011,0.638
KG,2012,0.647
KG,2013,0.656
KG,2014,0.662
KG,2015,0.664
LA,1990,0.397
LA,1991,0.402
LA,1992,0.408
LA,1993,0.414
LA,1994,0.423
LA,1995,0.425
LA,1996,0.438
LA,1997,0.445
LA,1998,0.452
LA,1999,0.459
LA,2000,0.463
LA,2001,0.468
LA,2002,0.477
LA,2003,0.485
LA,2004,0.494
LA,2005,0.503
LA,2006,0.509
LA,2007,0.518
LA,2008,0.525
LA,2009,0.535
LA,2010,0.542
LA,2011,0.554
LA,2012,0.563
LA,2013,0.573
LA,2014,0.582
LA,2015,0.586
LG,1990,0.703
LG,1991,0.699
LG,1992,0.678
LG,1993,0.668
LG,1994,0.668
LG,1995,0.674
LG,1996,0.68
LG,1997,0.693
LG,1998,0.705
LG,1999,0.716
LG,2000,0.728
LG,2001,0.746
LG,2002,0.761
LG,2003,0.776
LG,2004,0.791
LG,2005,0.807
LG,2006,0.814
LG,2007,0.819
LG,2008,0.821
LG,2009,0.815
LG,2010,0.81
LG,2011,0.812
LG,2012,0.814
LG,2013,0.822
LG,2014,0.828
LG,2015,0.83
LE,1990,
LE,1991,
LE,1992,
LE,1993,
LE,1994,
LE,1995,
LE,1996,
LE,1997,
LE,1998,
LE,1999,
LE,2000,
LE,2001,
LE,2002,
LE,2003,
LE,2004,
LE,2005,0.733
LE,2006,0.731
LE,2007,0.74
LE,2008,0.746
LE,2009,0.752
LE,2010,0.758
LE,2011,0.763
LE,2012,0.766
LE,2013,0.763
LE,2014,0.763
LE,2015,0.763
LT,1990,0.493
LT,1991,0.493
LT,1992,0.493
LT,1993,0.487
LT,1994,0.489
LT,1995,0.483
LT,1996,0.477
LT,1997,0.468
LT,1998,0.454
LT,1999,0.445
LT,2000,0.443
LT,2001,0.446
LT,2002,0.44
LT,2003,0.439
LT,2004,0.437
LT,2005,0.437
LT,2006,0.44
LT,2007,0.447
LT,2008,0.453
LT,2009,0.464
LT,2010,0.469
LT,2011,0.479
LT,2012,0.484
LT,2013,0.491
LT,2014,0.495
LT,2015,0.497
LI,1990,
LI,1991,
LI,1992,
LI,1993,
LI,1994,
LI,1995,
LI,1996,
LI,1997,
LI,1998,
LI,1999,0.338
LI,2000,0.386
LI,2001,0.376
LI,2002,0.373
LI,2003,0.335
LI,2004,0.372
LI,2005,0.377
LI,2006,0.383
LI,2007,0.394
LI,2008,0.4
LI,2009,0.403
LI,2010,0.406
LI,2011,0.416
LI,2012,0.419
LI,2013,0.426
LI,2014,0.427
LI,2015,0.427
LY,1990,0.681
LY,1991,0.693
LY,1992,0.697
LY,1993,0.7
LY,1994,0.705
LY,1995,0.709
LY,1996,0.714
LY,1997,0.72
LY,1998,0.723
LY,1999,0.727
LY,2000,0.732
LY,2001,0.736
LY,2002,0.74
LY,2003,0.747
LY,2004,0.748
LY,2005,0.752
LY,2006,0.756
LY,2007,0.757
LY,2008,0.757
LY,2009,0.755
LY,2010,0.756
LY,2011,0.706
LY,2012,0.735
LY,2013,0.73
LY,2014,0.719
LY,2015,0.716
LS,1990,
LS,1991,
LS,1992,
LS,1993,
LS,1994,
LS,1995,
LS,1996,
LS,1997,
LS,1998,
LS,1999,
LS,2000,0.862
LS,2001,0.868
LS,2002,0.873
LS,2003,0.878
LS,2004,0.883
LS,2005,0.886
LS,2006,0.89
LS,2007,0.893
LS,2008,0.899
LS,2009,0.899
LS,2010,0.904
LS,2011,0.909
LS,2012,0.908
LS,2013,0.912
LS,2014,0.911
LS,2015,0.912
LH,1990,0.731
LH,1991,0.727
LH,1992,0.711
LH,1993,0.7
LH,1994,0.696
LH,1995,0.702
LH,1996,0.711
LH,1997,0.724
LH,1998,0.736
LH,1999,0.745
LH,2000,0.757
LH,2001,0.77
LH,2002,0.78
LH,2003,0.792
LH,2004,0.798
LH,2005,0.807
LH,2006,0.812
LH,2007,0.82
LH,2008,0.825
LH,2009,0.824
LH,2010,0.826
LH,2011,0.83
LH,2012,0.834
LH,2013,0.841
LH,2014,0.846
LH,2015,0.848
LU,1990,0.782
LU,1991,0.79
LU,1992,0.795
LU,1993,0.799
LU,1994,0.803
LU,1995,0.808
LU,1996,0.817
LU,1997,0.826
LU,1998,0.834
LU,1999,0.848
LU,2000,0.854
LU,2001,0.86
LU,2002,0.865
LU,2003,0.867
LU,2004,0.874
LU,2005,0.88
LU,2006,0.877
LU,2007,0.887
LU,2008,0.888
LU,2009,0.884
LU,2010,0.894
LU,2011,0.892
LU,2012,0.892
LU,2013,0.892
LU,2014,0.896
LU,2015,0.898
MA,1990,
MA,1991,
MA,1992,
MA,1993,
MA,1994,
MA,1995,
MA,1996,
MA,1997,
MA,1998,
MA,1999,
MA,2000,0.456
MA,2001,0.462
MA,2002,0.457
MA,2003,0.466
MA,2004,0.473
MA,2005,0.478
MA,2006,0.483
MA,2007,0.491
MA,2008,0.5
MA,2009,0.503
MA,2010,0.504
MA,2011,0.506
MA,2012,0.508
MA,2013,0.509
MA,2014,0.511
MA,2015,0.512
MI,1990,0.325
MI,1991,0.331
MI,1992,0.338
MI,1993,0.346
MI,1994,0.347
MI,1995,0.38
MI,1996,0.368
MI,1997,0.388
MI,1998,0.389
MI,1999,0.391
MI,2000,0.387
MI,2001,0.388
MI,2002,0.362
MI,2003,0.366
MI,2004,0.371
MI,2005,0.377
MI,2006,0.387
MI,2007,0.4
MI,2008,0.415
MI,2009,0.43
MI,2010,0.444
MI,2011,0.454
MI,2012,0.459
MI,2013,0.466
MI,2014,0.473
MI,2015,0.476
MY,1990,0.643
MY,1991,0.651
MY,1992,0.66
MY,1993,0.667
MY,1994,0.675
MY,1995,0.683
MY,1996,0.695
MY,1997,0.706
MY,1998,0.709
MY,1999,0.715
MY,2000,0.725
MY,2001,0.723
MY,2002,0.724
MY,2003,0.731
MY,2004,0.734
MY,2005,0.732
MY,2006,0.736
MY,2007,0.747
MY,2008,0.756
MY,2009,0.764
MY,2010,0.774
MY,2011,0.776
MY,2012,0.779
MY,2013,0.783
MY,2014,0.787
MY,2015,0.789
MV,1990,
MV,1991,
MV,1992,
MV,1993,
MV,1994,
MV,1995,0.52
MV,1996,0.533
MV,1997,0.547
MV,1998,0.562
MV,1999,0.577
MV,2000,0.587
MV,2001,0.597
MV,2002,0.601
MV,2003,0.617
MV,2004,0.625
MV,2005,0.622
MV,2006,0.632
MV,2007,0.641
MV,2008,0.651
MV,2009,0.653
MV,2010,0.663
MV,2011,0.675
MV,2012,0.683
MV,2013,0.693
MV,2014,0.701
MV,2015,0.701
ML,1990,0.222
ML,1991,0.229
ML,1992,0.233
ML,1993,0.24
ML,1994,0.247
ML,1995,0.252
ML,1996,0.261
ML,1997,0.271
ML,1998,0.281
ML,1999,0.291
ML,2000,0.297
ML,2001,0.308
ML,2002,0.318
ML,2003,0.333
ML,2004,0.338
ML,2005,0.35
ML,2006,0.363
ML,2007,0.36
ML,2008,0.385
ML,2009,0.396
ML,2010,0.404
ML,2011,0.411
ML,2012,0.421
ML,2013,0.43
ML,2014,0.438
ML,2015,0.442
MT,1990,0.736
MT,1991,0.741
MT,1992,0.746
MT,1993,0.75
MT,1994,0.754
MT,1995,0.758
MT,1996,0.762
MT,1997,0.767
MT,1998,0.776
MT,1999,0.779
MT,2000,0.783
MT,2001,0.786
MT,2002,0.79
MT,2003,0.797
MT,2004,0.805
MT,2005,0.809
MT,2006,0.808
MT,2007,0.813
MT,2008,0.815
MT,2009,0.819
MT,2010,0.826
MT,2011,0.821
MT,2012,0.828
MT,2013,0.847
MT,2014,0.853
MT,2015,0.856
MR,1990,0.378
MR,1991,0.382
MR,1992,0.391
MR,1993,0.403
MR,1994,0.415
MR,1995,0.422
MR,1996,0.429
MR,1997,0.429
MR,1998,0.436
MR,1999,0.443
MR,2000,0.444
MR,2001,0.446
MR,2002,0.447
MR,2003,0.451
MR,2004,0.461
MR,2005,0.466
MR,2006,0.475
MR,2007,0.475
MR,2008,0.476
MR,2009,0.484
MR,2010,0.487
MR,2011,0.491
MR,2012,0.501
MR,2013,0.509
MR,2014,0.513
MR,2015,0.513
MP,1990,0.62
MP,1991,0.626
MP,1992,0.633
MP,1993,0.638
MP,1994,0.643
MP,1995,0.648
MP,1996,0.651
MP,1997,0.656
MP,1998,0.662
MP,1999,0.667
MP,2000,0.673
MP,2001,0.683
MP,2002,0.687
MP,2003,0.696
MP,2004,0.704
MP,2005,0.713
MP,2006,0.72
MP,2007,0.728
MP,2008,0.734
MP,2009,0.74
MP,2010,0.748
MP,2011,0.756
MP,2012,0.765
MP,2013,0.769
MP,2014,0.779
MP,2015,0.781
MX,1990,0.648
MX,1991,0.652
MX,1992,0.656
MX,1993,0.662
MX,1994,0.668
MX,1995,0.67
MX,1996,0.676
MX,1997,0.683
MX,1998,0.689
MX,1999,0.694
MX,2000,0.7
MX,2001,0.703
MX,2002,0.708
MX,2003,0.714
MX,2004,0.719
MX,2005,0.723
MX,2006,0.731
MX,2007,0.735
MX,2008,0.738
MX,2009,0.739
MX,2010,0.745
MX,2011,0.748
MX,2012,0.753
MX,2013,0.754
MX,2014,0.758
MX,2015,0.762
FM,1990,
FM,1991,
FM,1992,
FM,1993,
FM,1994,
FM,1995,
FM,1996,
FM,1997,
FM,1998,
FM,1999,
FM,2000,0.604
FM,2001,0.608
FM,2002,0.612
FM,2003,0.616
FM,2004,0.617
FM,2005,0.622
FM,2006,0.625
FM,2007,0.628
FM,2008,0.629
FM,2009,0.633
FM,2010,0.638
FM,2011,0.64
FM,2012,0.641
FM,2013,0.639
FM,2014,0.637
FM,2015,0.638
MD,1990,0.652
MD,1991,0.641
MD,1992,0.621
MD,1993,0.619
MD,1994,0.596
MD,1995,0.594
MD,1996,0.591
MD,1997,0.593
MD,1998,0.593
MD,1999,0.595
MD,2000,0.597
MD,2001,0.607
MD,2002,0.617
MD,2003,0.63
MD,2004,0.64
MD,2005,0.648
MD,2006,0.656
MD,2007,0.661
MD,2008,0.668
MD,2009,0.664
MD,2010,0.672
MD,2011,0.679
MD,2012,0.686
MD,2013,0.696
MD,2014,0.701
MD,2015,0.699
MG,1990,0.579
MG,1991,0.573
MG,1992,0.561
MG,1993,0.546
MG,1994,0.549
MG,1995,0.554
MG,1996,0.561
MG,1997,0.567
MG,1998,0.575
MG,1999,0.582
MG,2000,0.588
MG,2001,0.599
MG,2002,0.609
MG,2003,0.621
MG,2004,0.637
MG,2005,0.649
MG,2006,0.661
MG,2007,0.673
MG,2008,0.686
MG,2009,0.693
MG,2010,0.701
MG,2011,0.712
MG,2012,0.72
MG,2013,0.729
MG,2014,0.733
MG,2015,0.735
MJ,1990,
MJ,1991,
MJ,1992,
MJ,1993,
MJ,1994,
MJ,1995,
MJ,1996,
MJ,1997,
MJ,1998,
MJ,1999,
MJ,2000,
MJ,2001,
MJ,2002,
MJ,2003,0.74
MJ,2004,0.746
MJ,2005,0.751
MJ,2006,0.762
MJ,2007,0.774
MJ,2008,0.785
MJ,2009,0.787
MJ,2010,0.792
MJ,2011,0.797
MJ,2012,0.799
MJ,2013,0.803
MJ,2014,0.804
MJ,2015,0.807
MO,1990,0.458
MO,1991,0.464
MO,1992,0.468
MO,1993,0.474
MO,1994,0.485
MO,1995,0.489
MO,1996,0.499
MO,1997,0.503
MO,1998,0.51
MO,1999,0.519
MO,2000,0.53
MO,2001,0.54
MO,2002,0.551
MO,2003,0.561
MO,2004,0.569
MO,2005,0.575
MO,2006,0.581
MO,2007,0.589
MO,2008,0.596
MO,2009,0.603
MO,2010,0.612
MO,2011,0.623
MO,2012,0.634
MO,2013,0.64
MO,2014,0.645
MO,2015,0.647
MZ,1990,0.209
MZ,1991,0.212
MZ,1992,0.208
MZ,1993,0.215
MZ,1994,0.222
MZ,1995,0.23
MZ,1996,0.254
MZ,1997,0.267
MZ,1998,0.28
MZ,1999,0.291
MZ,2000,0.298
MZ,2001,0.311
MZ,2002,0.318
MZ,2003,0.332
MZ,2004,0.341
MZ,2005,0.353
MZ,2006,0.36
MZ,2007,0.372
MZ,2008,0.382
MZ,2009,0.39
MZ,2010,0.397
MZ,2011,0.4
MZ,2012,0.405
MZ,2013,0.409
MZ,2014,0.414
MZ,2015,0.418
BM,1990,0.353
BM,1991,0.361
BM,1992,0.375
BM,1993,0.381
BM,1994,0.388
BM,1995,0.393
BM,1996,0.399
BM,1997,0.405
BM,1998,0.408
BM,1999,0.417
BM,2000,0.427
BM,2001,0.435
BM,2002,0.445
BM,2003,0.455
BM,2004,0.465
BM,2005,0.474
BM,2006,0.484
BM,2007,0.493
BM,2008,0.504
BM,2009,0.515
BM,2010,0.526
BM,2011,0.533
BM,2012,0.54
BM,2013,0.547
BM,2014,0.552
BM,2015,0.556
WA,1990,0.578
WA,1991,0.581
WA,1992,0.586
WA,1993,0.588
WA,1994,0.59
WA,1995,0.587
WA,1996,0.581
WA,1997,0.574
WA,1998,0.568
WA,1999,0.559
WA,2000,0.556
WA,2001,0.556
WA,2002,0.554
WA,2003,0.559
WA,2004,0.565
WA,2005,0.57
WA,2006,0.578
WA,2007,0.589
WA,2008,0.598
WA,2009,0.604
WA,2010,0.612
WA,2011,0.619
WA,2012,0.625
WA,2013,0.632
WA,2014,0.637
WA,2015,0.64
NP,1990,0.378
NP,1991,0.386
NP,1992,0.394
NP,1993,0.398
NP,1994,0.405
NP,1995,0.41
NP,1996,0.419
NP,1997,0.426
NP,1998,0.432
NP,1999,0.439
NP,2000,0.446
NP,2001,0.447
NP,2002,0.457
NP,2003,0.463
NP,2004,0.469
NP,2005,0.476
NP,2006,0.486
NP,2007,0.492
NP,2008,0.502
NP,2009,0.515
NP,2010,0.529
NP,2011,0.538
NP,2012,0.545
NP,2013,0.551
NP,2014,0.555
NP,2015,0.558
NL,1990,0.83
NL,1991,0.835
NL,1992,0.836
NL,1993,0.84
NL,1994,0.865
NL,1995,0.863
NL,1996,0.867
NL,1997,0.867
NL,1998,0.869
NL,1999,0.873
NL,2000,0.878
NL,2001,0.882
NL,2002,0.881
NL,2003,0.885
NL,2004,0.888
NL,2005,0.893
NL,2006,0.899
NL,2007,0.905
NL,2008,0.906
NL,2009,0.906
NL,2010,0.911
NL,2011,0.921
NL,2012,0.922
NL,2013,0.923
NL,2014,0.923
NL,2015,0.924
NZ,1990,0.818
NZ,1991,0.82
NZ,1992,0.825
NZ,1993,0.836
NZ,1994,0.845
NZ,1995,0.851
NZ,1996,0.855
NZ,1997,0.86
NZ,1998,0.863
NZ,1999,0.864
NZ,2000,0.868
NZ,2001,0.873
NZ,2002,0.881
NZ,2003,0.884
NZ,2004,0.886
NZ,2005,0.888
NZ,2006,0.891
NZ,2007,0.894
NZ,2008,0.895
NZ,2009,0.899
NZ,2010,0.901
NZ,2011,0.904
NZ,2012,0.908
NZ,2013,0.91
NZ,2014,0.913
NZ,2015,0.915
NU,1990,0.495
NU,1991,0.495
NU,1992,0.498
NU,1993,0.503
NU,1994,0.515
NU,1995,0.524
NU,1996,0.535
NU,1997,0.543
NU,1998,0.552
NU,1999,0.562
NU,2000,0.57
NU,2001,0.577
NU,2002,0.583
NU,2003,0.587
NU,2004,0.592
NU,2005,0.597
NU,2006,0.601
NU,2007,0.607
NU,2008,0.613
NU,2009,0.614
NU,2010,0.62
NU,2011,0.625
NU,2012,0.63
NU,2013,0.636
NU,2014,0.642
NU,2015,0.645
NG,1990,0.212
NG,1991,0.215
NG,1992,0.218
NG,1993,0.222
NG,1994,0.226
NG,1995,0.231
NG,1996,0.237
NG,1997,0.24
NG,1998,0.249
NG,1999,0.253
NG,2000,0.255
NG,2001,0.261
NG,2002,0.266
NG,2003,0.27
NG,2004,0.278
NG,2005,0.286
NG,2006,0.293
NG,2007,0.298
NG,2008,0.307
NG,2009,0.312
NG,2010,0.323
NG,2011,0.331
NG,2012,0.341
NG,2013,0.345
NG,2014,0.351
NG,2015,0.353
NI,1990,
NI,1991,
NI,1992,
NI,1993,
NI,1994,
NI,1995,
NI,1996,
NI,1997,
NI,1998,
NI,1999,
NI,2000,
NI,2001,
NI,2002,
NI,2003,0.445
NI,2004,0.463
NI,2005,0.466
NI,2006,0.477
NI,2007,0.481
NI,2008,0.487
NI,2009,0.492
NI,2010,0.5
NI,2011,0.507
NI,2012,0.514
NI,2013,0.521
NI,2014,0.525
NI,2015,0.527
NO,1990,0.849
NO,1991,0.855
NO,1992,0.862
NO,1993,0.87
NO,1994,0.884
NO,1995,0.883
NO,1996,0.888
NO,1997,0.895
NO,1998,0.906
NO,1999,0.911
NO,2000,0.917
NO,2001,0.916
NO,2002,0.918
NO,2003,0.924
NO,2004,0.929
NO,2005,0.931
NO,2006,0.934
NO,2007,0.936
NO,2008,0.936
NO,2009,0.936
NO,2010,0.939
NO,2011,0.941
NO,2012,0.942
NO,2013,0.945
NO,2014,0.948
NO,2015,0.949
MU,1990,
MU,1991,
MU,1992,
MU,1993,
MU,1994,
MU,1995,
MU,1996,
MU,1997,
MU,1998,
MU,1999,
MU,2000,0.705
MU,2001,0.716
MU,2002,0.725
MU,2003,0.734
MU,2004,0.742
MU,2005,0.748
MU,2006,0.753
MU,2007,0.765
MU,2008,0.782
MU,2009,0.797
MU,2010,0.797
MU,2011,0.797
MU,2012,0.796
MU,2013,0.796
MU,2014,0.795
MU,2015,0.796
PK,1990,0.404
PK,1991,0.409
PK,1992,0.415
PK,1993,0.418
PK,1994,0.423
PK,1995,0.429
PK,1996,0.433
PK,1997,0.437
PK,1998,0.441
PK,1999,0.445
PK,2000,0.45
PK,2001,0.457
PK,2002,0.465
PK,2003,0.474
PK,2004,0.487
PK,2005,0.501
PK,2006,0.505
PK,2007,0.513
PK,2008,0.514
PK,2009,0.521
PK,2010,0.525
PK,2011,0.529
PK,2012,0.538
PK,2013,0.542
PK,2014,0.548
PK,2015,0.55
PS,1990,
PS,1991,
PS,1992,
PS,1993,
PS,1994,
PS,1995,
PS,1996,
PS,1997,
PS,1998,
PS,1999,
PS,2000,0.741
PS,2001,0.746
PS,2002,0.751
PS,2003,0.754
PS,2004,0.756
PS,2005,0.758
PS,2006,0.765
PS,2007,0.767
PS,2008,0.77
PS,2009,0.77
PS,2010,0.77
PS,2011,0.775
PS,2012,0.779
PS,2013,0.782
PS,2014,0.783
PS,2015,0.788
PM,1990,0.662
PM,1991,0.669
PM,1992,0.676
PM,1993,0.682
PM,1994,0.685
PM,1995,0.691
PM,1996,0.695
PM,1997,0.702
PM,1998,0.71
PM,1999,0.716
PM,2000,0.721
PM,2001,0.725
PM,2002,0.728
PM,2003,0.733
PM,2004,0.74
PM,2005,0.744
PM,2006,0.743
PM,2007,0.75
PM,2008,0.755
PM,2009,0.756
PM,2010,0.758
PM,2011,0.765
PM,2012,0.773
PM,2013,0.78
PM,2014,0.785
PM,2015,0.788
PP,1990,0.36
PP,1991,0.368
PP,1992,0.378
PP,1993,0.389
PP,1994,0.39
PP,1995,0.398
PP,1996,0.406
PP,1997,0.409
PP,1998,0.411
PP,1999,0.418
PP,2000,0.422
PP,2001,0.428
PP,2002,0.433
PP,2003,0.439
PP,2004,0.446
PP,2005,0.454
PP,2006,0.461
PP,2007,0.469
PP,2008,0.477
PP,2009,0.485
PP,2010,0.494
PP,2011,0.501
PP,2012,0.506
PP,2013,0.511
PP,2014,0.515
PP,2015,0.516
PA,1990,0.58
PA,1991,0.585
PA,1992,0.589
PA,1993,0.596
PA,1994,0.6
PA,1995,0.606
PA,1996,0.613
PA,1997,0.618
PA,1998,0.622
PA,1999,0.625
PA,2000,0.624
PA,2001,0.632
PA,2002,0.642
PA,2003,0.639
PA,2004,0.646
PA,2005,0.648
PA,2006,0.649
PA,2007,0.654
PA,2008,0.663
PA,2009,0.664
PA,2010,0.675
PA,2011,0.679
PA,2012,0.679
PA,2013,0.688
PA,2014,0.692
PA,2015,0.693
PE,1990,0.613
PE,1991,0.616
PE,1992,0.616
PE,1993,0.621
PE,1994,0.632
PE,1995,0.642
PE,1996,0.647
PE,1997,0.654
PE,1998,0.664
PE,1999,0.674
PE,2000,0.677
PE,2001,0.686
PE,2002,0.686
PE,2003,0.685
PE,2004,0.692
PE,2005,0.693
PE,2006,0.696
PE,2007,0.7
PE,2008,0.706
PE,2009,0.708
PE,2010,0.721
PE,2011,0.725
PE,2012,0.731
PE,2013,0.735
PE,2014,0.737
PE,2015,0.74
RP,1990,0.586
RP,1991,0.587
RP,1992,0.589
RP,1993,0.591
RP,1994,0.594
RP,1995,0.597
RP,1996,0.605
RP,1997,0.609
RP,1998,0.613
RP,1999,0.618
RP,2000,0.622
RP,2001,0.625
RP,2002,0.631
RP,2003,0.636
RP,2004,0.642
RP,2005,0.646
RP,2006,0.648
RP,2007,0.655
RP,2008,0.661
RP,2009,0.662
RP,2010,0.669
RP,2011,0.666
RP,2012,0.671
RP,2013,0.676
RP,2014,0.679
RP,2015,0.682
PL,1990,0.712
PL,1991,0.709
PL,1992,0.713
PL,1993,0.723
PL,1994,0.732
PL,1995,0.738
PL,1996,0.746
PL,1997,0.759
PL,1998,0.768
PL,1999,0.777
PL,2000,0.784
PL,2001,0.79
PL,2002,0.796
PL,2003,0.8
PL,2004,0.797
PL,2005,0.803
PL,2006,0.808
PL,2007,0.813
PL,2008,0.818
PL,2009,0.822
PL,2010,0.829
PL,2011,0.834
PL,2012,0.838
PL,2013,0.85
PL,2014,0.852
PL,2015,0.855
PO,1990,0.711
PO,1991,0.72
PO,1992,0.731
PO,1993,0.745
PO,1994,0.752
PO,1995,0.759
PO,1996,0.766
PO,1997,0.772
PO,1998,0.779
PO,1999,0.777
PO,2000,0.782
PO,2001,0.788
PO,2002,0.789
PO,2003,0.792
PO,2004,0.79
PO,2005,0.793
PO,2006,0.797
PO,2007,0.804
PO,2008,0.809
PO,2009,0.812
PO,2010,0.818
PO,2011,0.824
PO,2012,0.827
PO,2013,0.837
PO,2014,0.841
PO,2015,0.843
QA,1990,0.754
QA,1991,0.751
QA,1992,0.752
QA,1993,0.763
QA,1994,0.775
QA,1995,0.783
QA,1996,0.796
QA,1997,0.8
QA,1998,0.804
QA,1999,0.808
QA,2000,0.809
QA,2001,0.807
QA,2002,0.815
QA,2003,0.826
QA,2004,0.83
QA,2005,0.835
QA,2006,0.83
QA,2007,0.825
QA,2008,0.828
QA,2009,0.825
QA,2010,0.827
QA,2011,0.837
QA,2012,0.843
QA,2013,0.854
QA,2014,0.855
QA,2015,0.856
RO,1990,0.7
RO,1991,0.685
RO,1992,0.677
RO,1993,0.677
RO,1994,0.68
RO,1995,0.686
RO,1996,0.694
RO,1997,0.695
RO,1998,0.697
RO,1999,0.703
RO,2000,0.708
RO,2001,0.714
RO,2002,0.722
RO,2003,0.733
RO,2004,0.745
RO,2005,0.755
RO,2006,0.766
RO,2007,0.78
RO,2008,0.795
RO,2009,0.797
RO,2010,0.798
RO,2011,0.797
RO,2012,0.794
RO,2013,0.797
RO,2014,0.798
RO,2015,0.802
RS,1990,0.733
RS,1991,0.729
RS,1992,0.718
RS,1993,0.71
RS,1994,0.701
RS,1995,0.7
RS,1996,0.701
RS,1997,0.704
RS,1998,0.703
RS,1999,0.709
RS,2000,0.72
RS,2001,0.727
RS,2002,0.733
RS,2003,0.741
RS,2004,0.748
RS,2005,0.754
RS,2006,0.761
RS,2007,0.769
RS,2008,0.776
RS,2009,0.773
RS,2010,0.785
RS,2011,0.792
RS,2012,0.799
RS,2013,0.803
RS,2014,0.805
RS,2015,0.804
RW,1990,0.244
RW,1991,0.22
RW,1992,0.206
RW,1993,0.203
RW,1994,0.194
RW,1995,0.23
RW,1996,0.259
RW,1997,0.285
RW,1998,0.3
RW,1999,0.318
RW,2000,0.332
RW,2001,0.343
RW,2002,0.359
RW,2003,0.371
RW,2004,0.388
RW,2005,0.404
RW,2006,0.424
RW,2007,0.438
RW,2008,0.447
RW,2009,0.454
RW,2010,0.464
RW,2011,0.475
RW,2012,0.485
RW,2013,0.488
RW,2014,0.493
RW,2015,0.498
SC,1990,
SC,1991,
SC,1992,
SC,1993,
SC,1994,
SC,1995,
SC,1996,
SC,1997,
SC,1998,
SC,1999,
SC,2000,
SC,2001,
SC,2002,
SC,2003,
SC,2004,
SC,2005,
SC,2006,
SC,2007,
SC,2008,
SC,2009,
SC,2010,0.741
SC,2011,0.746
SC,2012,0.749
SC,2013,0.756
SC,2014,0.762
SC,2015,0.765
ST,1990,
ST,1991,
ST,1992,
ST,1993,
ST,1994,
ST,1995,
ST,1996,
ST,1997,
ST,1998,
ST,1999,
ST,2000,0.684
ST,2001,0.681
ST,2002,0.684
ST,2003,0.686
ST,2004,0.689
ST,2005,0.694
ST,2006,0.707
ST,2007,0.71
ST,2008,0.717
ST,2009,0.724
ST,2010,0.733
ST,2011,0.735
ST,2012,0.734
ST,2013,0.723
ST,2014,0.735
ST,2015,0.735
VC,1990,
VC,1991,
VC,1992,
VC,1993,
VC,1994,
VC,1995,
VC,1996,
VC,1997,
VC,1998,
VC,1999,
VC,2000,0.673
VC,2001,0.677
VC,2002,0.682
VC,2003,0.689
VC,2004,0.692
VC,2005,0.695
VC,2006,0.702
VC,2007,0.704
VC,2008,0.709
VC,2009,0.711
VC,2010,0.712
VC,2011,0.713
VC,2012,0.717
VC,2013,0.72
VC,2014,0.72
VC,2015,0.722
WS,1990,0.598
WS,1991,0.601
WS,1992,0.604
WS,1993,0.61
WS,1994,0.612
WS,1995,0.619
WS,1996,0.626
WS,1997,0.629
WS,1998,0.635
WS,1999,0.64
WS,2000,0.645
WS,2001,0.653
WS,2002,0.659
WS,2003,0.665
WS,2004,0.671
WS,2005,0.677
WS,2006,0.682
WS,2007,0.688
WS,2008,0.691
WS,2009,0.69
WS,2010,0.693
WS,2011,0.698
WS,2012,0.7
WS,2013,0.701
WS,2014,0.702
WS,2015,0.704
TP,1990,0.454
TP,1991,0.457
TP,1992,0.46
TP,1993,0.464
TP,1994,0.468
TP,1995,0.471
TP,1996,0.476
TP,1997,0.479
TP,1998,0.483
TP,1999,0.488
TP,2000,0.497
TP,2001,0.501
TP,2002,0.504
TP,2003,0.509
TP,2004,0.514
TP,2005,0.521
TP,2006,0.527
TP,2007,0.531
TP,2008,0.533
TP,2009,0.542
TP,2010,0.546
TP,2011,0.553
TP,2012,0.559
TP,2013,0.562
TP,2014,0.565
TP,2015,0.574
SA,1990,0.698
SA,1991,0.707
SA,1992,0.712
SA,1993,0.715
SA,1994,0.718
SA,1995,0.722
SA,1996,0.727
SA,1997,0.731
SA,1998,0.736
SA,1999,0.737
SA,2000,0.742
SA,2001,0.745
SA,2002,0.747
SA,2003,0.754
SA,2004,0.761
SA,2005,0.767
SA,2006,0.773
SA,2007,0.779
SA,2008,0.787
SA,2009,0.792
SA,2010,0.804
SA,2011,0.818
SA,2012,0.83
SA,2013,0.841
SA,2014,0.845
SA,2015,0.847
SG,1990,0.367
SG,1991,0.366
SG,1992,0.367
SG,1993,0.365
SG,1994,0.365
SG,1995,0.371
SG,1996,0.373
SG,1997,0.372
SG,1998,0.376
SG,1999,0.378
SG,2000,0.381
SG,2001,0.397
SG,2002,0.401
SG,2003,0.408
SG,2004,0.415
SG,2005,0.422
SG,2006,0.425
SG,2007,0.435
SG,2008,0.444
SG,2009,0.449
SG,2010,0.455
SG,2011,0.463
SG,2012,0.474
SG,2013,0.483
SG,2014,0.491
SG,2015,0.494
RI,1990,0.714
RI,1991,0.713
RI,1992,0.7
RI,1993,0.684
RI,1994,0.688
RI,1995,0.694
RI,1996,0.697
RI,1997,0.703
RI,1998,0.707
RI,1999,0.702
RI,2000,0.709
RI,2001,0.715
RI,2002,0.715
RI,2003,0.72
RI,2004,0.73
RI,2005,0.739
RI,2006,0.743
RI,2007,0.749
RI,2008,0.754
RI,2009,0.755
RI,2010,0.757
RI,2011,0.767
RI,2012,0.766
RI,2013,0.771
RI,2014,0.775
RI,2015,0.776
SE,1990,
SE,1991,
SE,1992,
SE,1993,
SE,1994,
SE,1995,
SE,1996,
SE,1997,
SE,1998,
SE,1999,
SE,2000,0.714
SE,2001,0.712
SE,2002,0.713
SE,2003,0.715
SE,2004,0.712
SE,2005,0.728
SE,2006,0.733
SE,2007,0.739
SE,2008,0.739
SE,2009,0.74
SE,2010,0.744
SE,2011,0.755
SE,2012,0.762
SE,2013,0.766
SE,2014,0.781
SE,2015,0.782
SL,1990,0.272
SL,1991,0.267
SL,1992,0.262
SL,1993,0.265
SL,1994,0.268
SL,1995,0.269
SL,1996,0.275
SL,1997,0.279
SL,1998,0.286
SL,1999,0.292
SL,2000,0.302
SL,2001,0.306
SL,2002,0.322
SL,2003,0.332
SL,2004,0.341
SL,2005,0.348
SL,2006,0.357
SL,2007,0.367
SL,2008,0.375
SL,2009,0.384
SL,2010,0.392
SL,2011,0.401
SL,2012,0.413
SL,2013,0.426
SL,2014,0.431
SL,2015,0.42
SN,1990,0.718
SN,1991,0.729
SN,1992,0.74
SN,1993,0.751
SN,1994,0.763
SN,1995,0.773
SN,1996,0.783
SN,1997,0.795
SN,1998,0.801
SN,1999,0.81
SN,2000,0.82
SN,2001,0.818
SN,2002,0.819
SN,2003,0.82
SN,2004,0.821
SN,2005,0.839
SN,2006,0.873
SN,2007,0.88
SN,2008,0.887
SN,2009,0.889
SN,2010,0.911
SN,2011,0.917
SN,2012,0.92
SN,2013,0.922
SN,2014,0.924
SN,2015,0.925
LO,1990,0.738
LO,1991,0.733
LO,1992,0.732
LO,1993,0.736
LO,1994,0.742
LO,1995,0.75
LO,1996,0.754
LO,1997,0.756
LO,1998,0.762
LO,1999,0.761
LO,2000,0.763
LO,2001,0.763
LO,2002,0.771
LO,2003,0.776
LO,2004,0.784
LO,2005,0.793
LO,2006,0.802
LO,2007,0.813
LO,2008,0.82
LO,2009,0.822
LO,2010,0.829
LO,2011,0.835
LO,2012,0.838
LO,2013,0.841
LO,2014,0.842
LO,2015,0.845
SI,1990,0.767
SI,1991,0.764
SI,1992,0.766
SI,1993,0.768
SI,1994,0.775
SI,1995,0.782
SI,1996,0.788
SI,1997,0.796
SI,1998,0.805
SI,1999,0.818
SI,2000,0.824
SI,2001,0.835
SI,2002,0.843
SI,2003,0.85
SI,2004,0.853
SI,2005,0.858
SI,2006,0.865
SI,2007,0.869
SI,2008,0.873
SI,2009,0.872
SI,2010,0.876
SI,2011,0.877
SI,2012,0.878
SI,2013,0.888
SI,2014,0.888
SI,2015,0.89
BP,1990,
BP,1991,
BP,1992,
BP,1993,
BP,1994,
BP,1995,
BP,1996,
BP,1997,
BP,1998,
BP,1999,0.455
BP,2000,0.442
BP,2001,0.446
BP,2002,0.453
BP,2003,0.459
BP,2004,0.465
BP,2005,0.47
BP,2006,0.482
BP,2007,0.489
BP,2008,0.494
BP,2009,0.492
BP,2010,0.497
BP,2011,0.505
BP,2012,0.509
BP,2013,0.512
BP,2014,0.514
BP,2015,0.515
SF,1990,0.621
SF,1991,0.629
SF,1992,0.638
SF,1993,0.645
SF,1994,0.652
SF,1995,0.653
SF,1996,0.651
SF,1997,0.647
SF,1998,0.641
SF,1999,0.635
SF,2000,0.629
SF,2001,0.62
SF,2002,0.613
SF,2003,0.611
SF,2004,0.609
SF,2005,0.609
SF,2006,0.612
SF,2007,0.616
SF,2008,0.622
SF,2009,0.63
SF,2010,0.638
SF,2011,0.644
SF,2012,0.652
SF,2013,0.66
SF,2014,0.665
SF,2015,0.666
OD,1990,
OD,1991,
OD,1992,
OD,1993,
OD,1994,
OD,1995,
OD,1996,
OD,1997,
OD,1998,
OD,1999,
OD,2000,
OD,2001,
OD,2002,
OD,2003,
OD,2004,
OD,2005,
OD,2006,
OD,2007,
OD,2008,
OD,2009,
OD,2010,0.429
OD,2011,0.419
OD,2012,0.417
OD,2013,0.421
OD,2014,0.421
OD,2015,0.418
SP,1990,0.755
SP,1991,0.764
SP,1992,0.772
SP,1993,0.783
SP,1994,0.792
SP,1995,0.801
SP,1996,0.806
SP,1997,0.81
SP,1998,0.815
SP,1999,0.82
SP,2000,0.825
SP,2001,0.828
SP,2002,0.83
SP,2003,0.833
SP,2004,0.837
SP,2005,0.844
SP,2006,0.849
SP,2007,0.854
SP,2008,0.858
SP,2009,0.86
SP,2010,0.867
SP,2011,0.871
SP,2012,0.874
SP,2013,0.877
SP,2014,0.882
SP,2015,0.884
CE,1990,0.626
CE,1991,0.631
CE,1992,0.636
CE,1993,0.638
CE,1994,0.646
CE,1995,0.651
CE,1996,0.655
CE,1997,0.662
CE,1998,0.669
CE,1999,0.677
CE,2000,0.686
CE,2001,0.699
CE,2002,0.697
CE,2003,0.705
CE,2004,0.712
CE,2005,0.718
CE,2006,0.725
CE,2007,0.731
CE,2008,0.735
CE,2009,0.739
CE,2010,0.746
CE,2011,0.752
CE,2012,0.757
CE,2013,0.76
CE,2014,0.764
CE,2015,0.766
SU,1990,0.331
SU,1991,0.337
SU,1992,0.345
SU,1993,0.352
SU,1994,0.358
SU,1995,0.365
SU,1996,0.373
SU,1997,0.382
SU,1998,0.388
SU,1999,0.394
SU,2000,0.399
SU,2001,0.403
SU,2002,0.409
SU,2003,0.415
SU,2004,0.423
SU,2005,0.43
SU,2006,0.44
SU,2007,0.444
SU,2008,0.456
SU,2009,0.461
SU,2010,0.463
SU,2011,0.468
SU,2012,0.478
SU,2013,0.485
SU,2014,0.488
SU,2015,0.49
NS,1990,
NS,1991,
NS,1992,
NS,1993,
NS,1994,
NS,1995,
NS,1996,
NS,1997,
NS,1998,
NS,1999,
NS,2000,
NS,2001,
NS,2002,
NS,2003,
NS,2004,0.672
NS,2005,0.678
NS,2006,0.684
NS,2007,0.691
NS,2008,0.696
NS,2009,0.7
NS,2010,0.704
NS,2011,0.708
NS,2012,0.719
NS,2013,0.722
NS,2014,0.723
NS,2015,0.725
WZ,1990,0.548
WZ,1991,0.55
WZ,1992,0.551
WZ,1993,0.549
WZ,1994,0.544
WZ,1995,0.543
WZ,1996,0.539
WZ,1997,0.533
WZ,1998,0.523
WZ,1999,0.516
WZ,2000,0.506
WZ,2001,0.502
WZ,2002,0.493
WZ,2003,0.492
WZ,2004,0.495
WZ,2005,0.502
WZ,2006,0.508
WZ,2007,0.514
WZ,2008,0.519
WZ,2009,0.523
WZ,2010,0.526
WZ,2011,0.534
WZ,2012,0.539
WZ,2013,0.541
WZ,2014,0.541
WZ,2015,0.541
SW,1990,0.815
SW,1991,0.817
SW,1992,0.82
SW,1993,0.839
SW,1994,0.848
SW,1995,0.856
SW,1996,0.859
SW,1997,0.862
SW,1998,0.867
SW,1999,0.873
SW,2000,0.877
SW,2001,0.88
SW,2002,0.882
SW,2003,0.888
SW,2004,0.89
SW,2005,0.892
SW,2006,0.895
SW,2007,0.897
SW,2008,0.898
SW,2009,0.895
SW,2010,0.901
SW,2011,0.903
SW,2012,0.904
SW,2013,0.906
SW,2014,0.909
SW,2015,0.913
SZ,1990,0.831
SZ,1991,0.833
SZ,1992,0.835
SZ,1993,0.84
SZ,1994,0.842
SZ,1995,0.846
SZ,1996,0.853
SZ,1997,0.863
SZ,1998,0.872
SZ,1999,0.879
SZ,2000,0.888
SZ,2001,0.89
SZ,2002,0.889
SZ,2003,0.895
SZ,2004,0.899
SZ,2005,0.904
SZ,2006,0.911
SZ,2007,0.914
SZ,2008,0.916
SZ,2009,0.92
SZ,2010,0.932
SZ,2011,0.932
SZ,2012,0.934
SZ,2013,0.936
SZ,2014,0.938
SZ,2015,0.939
SY,1990,0.556
SY,1991,0.56
SY,1992,0.566
SY,1993,0.569
SY,1994,0.574
SY,1995,0.577
SY,1996,0.581
SY,1997,0.586
SY,1998,0.589
SY,1999,0.588
SY,2000,0.589
SY,2001,0.596
SY,2002,0.599
SY,2003,0.61
SY,2004,0.624
SY,2005,0.636
SY,2006,0.644
SY,2007,0.651
SY,2008,0.648
SY,2009,0.65
SY,2010,0.646
SY,2011,0.645
SY,2012,0.635
SY,2013,0.575
SY,2014,0.553
SY,2015,0.536
TI,1990,0.616
TI,1991,0.611
TI,1992,0.589
TI,1993,0.571
TI,1994,0.549
TI,1995,0.539
TI,1996,0.522
TI,1997,0.526
TI,1998,0.528
TI,1999,0.529
TI,2000,0.535
TI,2001,0.543
TI,2002,0.553
TI,2003,0.563
TI,2004,0.572
TI,2005,0.579
TI,2006,0.586
TI,2007,0.592
TI,2008,0.601
TI,2009,0.603
TI,2010,0.608
TI,2011,0.613
TI,2012,0.617
TI,2013,0.622
TI,2014,0.625
TI,2015,0.627
TZ,1990,0.37
TZ,1991,0.37
TZ,1992,0.368
TZ,1993,0.368
TZ,1994,0.367
TZ,1995,0.368
TZ,1996,0.369
TZ,1997,0.371
TZ,1998,0.377
TZ,1999,0.384
TZ,2000,0.391
TZ,2001,0.399
TZ,2002,0.41
TZ,2003,0.42
TZ,2004,0.432
TZ,2005,0.446
TZ,2006,0.457
TZ,2007,0.468
TZ,2008,0.478
TZ,2009,0.488
TZ,2010,0.498
TZ,2011,0.504
TZ,2012,0.513
TZ,2013,0.512
TZ,2014,0.519
TZ,2015,0.531
TH,1990,0.574
TH,1991,0.583
TH,1992,0.59
TH,1993,0.598
TH,1994,0.604
TH,1995,0.611
TH,1996,0.619
TH,1997,0.625
TH,1998,0.63
TH,1999,0.64
TH,2000,0.649
TH,2001,0.657
TH,2002,0.666
TH,2003,0.674
TH,2004,0.682
TH,2005,0.686
TH,2006,0.687
TH,2007,0.7
TH,2008,0.706
TH,2009,0.711
TH,2010,0.72
TH,2011,0.729
TH,2012,0.733
TH,2013,0.737
TH,2014,0.738
TH,2015,0.74
MK,1990,
MK,1991,
MK,1992,
MK,1993,
MK,1994,
MK,1995,
MK,1996,
MK,1997,
MK,1998,
MK,1999,
MK,2000,
MK,2001,
MK,2002,
MK,2003,
MK,2004,
MK,2005,0.703
MK,2006,0.709
MK,2007,0.714
MK,2008,0.73
MK,2009,0.732
MK,2010,0.735
MK,2011,0.739
MK,2012,0.741
MK,2013,0.743
MK,2014,0.746
MK,2015,0.748
TT,1990,
TT,1991,
TT,1992,
TT,1993,
TT,1994,
TT,1995,
TT,1996,
TT,1997,
TT,1998,
TT,1999,
TT,2000,0.47
TT,2001,0.475
TT,2002,0.485
TT,2003,0.484
TT,2004,0.492
TT,2005,0.511
TT,2006,0.541
TT,2007,0.566
TT,2008,0.599
TT,2009,0.599
TT,2010,0.607
TT,2011,0.618
TT,2012,0.62
TT,2013,0.612
TT,2014,0.603
TT,2015,0.606
TO,1990,0.404
TO,1991,0.407
TO,1992,0.399
TO,1993,0.389
TO,1994,0.395
TO,1995,0.408
TO,1996,0.417
TO,1997,0.424
TO,1998,0.424
TO,1999,0.425
TO,2000,0.426
TO,2001,0.428
TO,2002,0.428
TO,2003,0.432
TO,2004,0.435
TO,2005,0.436
TO,2006,0.443
TO,2007,0.441
TO,2008,0.442
TO,2009,0.449
TO,2010,0.457
TO,2011,0.464
TO,2012,0.47
TO,2013,0.475
TO,2014,0.484
TO,2015,0.487
TN,1990,0.648
TN,1991,0.654
TN,1992,0.657
TN,1993,0.661
TN,1994,0.667
TN,1995,0.671
TN,1996,0.671
TN,1997,0.672
TN,1998,0.673
TN,1999,0.676
TN,2000,0.674
TN,2001,0.679
TN,2002,0.683
TN,2003,0.693
TN,2004,0.694
TN,2005,0.695
TN,2006,0.698
TN,2007,0.698
TN,2008,0.703
TN,2009,0.707
TN,2010,0.712
TN,2011,0.717
TN,2012,0.718
TN,2013,0.716
TN,2014,0.718
TN,2015,0.721
TD,1990,0.67
TD,1991,0.671
TD,1992,0.671
TD,1993,0.673
TD,1994,0.677
TD,1995,0.682
TD,1996,0.688
TD,1997,0.696
TD,1998,0.703
TD,1999,0.709
TD,2000,0.715
TD,2001,0.721
TD,2002,0.729
TD,2003,0.736
TD,2004,0.745
TD,2005,0.751
TD,2006,0.76
TD,2007,0.767
TD,2008,0.773
TD,2009,0.772
TD,2010,0.774
TD,2011,0.772
TD,2012,0.773
TD,2013,0.778
TD,2014,0.779
TD,2015,0.78
TS,1990,0.569
TS,1991,0.575
TS,1992,0.583
TS,1993,0.59
TS,1994,0.6
TS,1995,0.608
TS,1996,0.617
TS,1997,0.624
TS,1998,0.635
TS,1999,0.646
TS,2000,0.654
TS,2001,0.662
TS,2002,0.667
TS,2003,0.673
TS,2004,0.683
TS,2005,0.689
TS,2006,0.695
TS,2007,0.701
TS,2008,0.706
TS,2009,0.71
TS,2010,0.714
TS,2011,0.717
TS,2012,0.72
TS,2013,0.722
TS,2014,0.723
TS,2015,0.725
TU,1990,0.576
TU,1991,0.58
TU,1992,0.586
TU,1993,0.594
TU,1994,0.596
TU,1995,0.604
TU,1996,0.613
TU,1997,0.621
TU,1998,0.632
TU,1999,0.641
TU,2000,0.653
TU,2001,0.658
TU,2002,0.668
TU,2003,0.675
TU,2004,0.681
TU,2005,0.687
TU,2006,0.697
TU,2007,0.705
TU,2008,0.709
TU,2009,0.715
TU,2010,0.737
TU,2011,0.75
TU,2012,0.754
TU,2013,0.759
TU,2014,0.764
TU,2015,0.767
TX,1990,
TX,1991,
TX,1992,
TX,1993,
TX,1994,
TX,1995,
TX,1996,
TX,1997,
TX,1998,
TX,1999,
TX,2000,
TX,2001,
TX,2002,
TX,2003,
TX,2004,
TX,2005,
TX,2006,
TX,2007,
TX,2008,
TX,2009,
TX,2010,0.665
TX,2011,0.672
TX,2012,0.678
TX,2013,0.683
TX,2014,0.688
TX,2015,0.692
UG,1990,0.309
UG,1991,0.31
UG,1992,0.303
UG,1993,0.311
UG,1994,0.314
UG,1995,0.32
UG,1996,0.336
UG,1997,0.351
UG,1998,0.366
UG,1999,0.382
UG,2000,0.396
UG,2001,0.404
UG,2002,0.418
UG,2003,0.427
UG,2004,0.429
UG,2005,0.434
UG,2006,0.442
UG,2007,0.453
UG,2008,0.464
UG,2009,0.473
UG,2010,0.477
UG,2011,0.477
UG,2012,0.478
UG,2013,0.483
UG,2014,0.488
UG,2015,0.493
UP,1990,0.706
UP,1991,0.701
UP,1992,0.693
UP,1993,0.682
UP,1994,0.668
UP,1995,0.664
UP,1996,0.661
UP,1997,0.663
UP,1998,0.665
UP,1999,0.669
UP,2000,0.673
UP,2001,0.683
UP,2002,0.691
UP,2003,0.7
UP,2004,0.707
UP,2005,0.716
UP,2006,0.723
UP,2007,0.73
UP,2008,0.734
UP,2009,0.728
UP,2010,0.734
UP,2011,0.739
UP,2012,0.744
UP,2013,0.746
UP,2014,0.748
UP,2015,0.743
AE,1990,0.726
AE,1991,0.738
AE,1992,0.742
AE,1993,0.748
AE,1994,0.756
AE,1995,0.764
AE,1996,0.771
AE,1997,0.778
AE,1998,0.785
AE,1999,0.791
AE,2000,0.798
AE,2001,0.803
AE,2002,0.808
AE,2003,0.813
AE,2004,0.818
AE,2005,0.823
AE,2006,0.826
AE,2007,0.829
AE,2008,0.831
AE,2009,0.826
AE,2010,0.824
AE,2011,0.826
AE,2012,0.829
AE,2013,0.832
AE,2014,0.836
AE,2015,0.84
UK,1990,0.775
UK,1991,0.787
UK,1992,0.8
UK,1993,0.813
UK,1994,0.826
UK,1995,0.839
UK,1996,0.843
UK,1997,0.849
UK,1998,0.854
UK,1999,0.86
UK,2000,0.866
UK,2001,0.87
UK,2002,0.874
UK,2003,0.878
UK,2004,0.886
UK,2005,0.89
UK,2006,0.889
UK,2007,0.892
UK,2008,0.895
UK,2009,0.895
UK,2010,0.902
UK,2011,0.898
UK,2012,0.899
UK,2013,0.904
UK,2014,0.908
UK,2015,0.91
US,1990,0.86
US,1991,0.861
US,1992,0.866
US,1993,0.871
US,1994,0.874
US,1995,0.877
US,1996,0.878
US,1997,0.881
US,1998,0.884
US,1999,0.885
US,2000,0.884
US,2001,0.887
US,2002,0.889
US,2003,0.892
US,2004,0.895
US,2005,0.898
US,2006,0.901
US,2007,0.905
US,2008,0.907
US,2009,0.907
US,2010,0.91
US,2011,0.913
US,2012,0.915
US,2013,0.916
US,2014,0.918
US,2015,0.92
UY,1990,0.692
UY,1991,0.697
UY,1992,0.7
UY,1993,0.703
UY,1994,0.709
UY,1995,0.711
UY,1996,0.717
UY,1997,0.727
UY,1998,0.735
UY,1999,0.738
UY,2000,0.742
UY,2001,0.746
UY,2002,0.747
UY,2003,0.75
UY,2004,0.753
UY,2005,0.756
UY,2006,0.76
UY,2007,0.77
UY,2008,0.774
UY,2009,0.777
UY,2010,0.78
UY,2011,0.784
UY,2012,0.788
UY,2013,0.791
UY,2014,0.794
UY,2015,0.795
UZ,1990,
UZ,1991,
UZ,1992,
UZ,1993,
UZ,1994,
UZ,1995,
UZ,1996,
UZ,1997,
UZ,1998,
UZ,1999,
UZ,2000,0.594
UZ,2001,0.6
UZ,2002,0.607
UZ,2003,0.613
UZ,2004,0.62
UZ,2005,0.626
UZ,2006,0.631
UZ,2007,0.644
UZ,2008,0.651
UZ,2009,0.657
UZ,2010,0.664
UZ,2011,0.673
UZ,2012,0.681
UZ,2013,0.69
UZ,2014,0.697
UZ,2015,0.701
NH,1990,
NH,1991,
NH,1992,
NH,1993,
NH,1994,
NH,1995,
NH,1996,
NH,1997,
NH,1998,
NH,1999,
NH,2000,
NH,2001,
NH,2002,
NH,2003,
NH,2004,
NH,2005,0.572
NH,2006,0.579
NH,2007,0.582
NH,2008,0.589
NH,2009,0.59
NH,2010,0.591
NH,2011,0.592
NH,2012,0.591
NH,2013,0.596
NH,2014,0.598
NH,2015,0.597
VE,1990,0.634
VE,1991,0.644
VE,1992,0.65
VE,1993,0.653
VE,1994,0.654
VE,1995,0.658
VE,1996,0.66
VE,1997,0.664
VE,1998,0.667
VE,1999,0.67
VE,2000,0.672
VE,2001,0.684
VE,2002,0.688
VE,2003,0.687
VE,2004,0.7
VE,2005,0.714
VE,2006,0.728
VE,2007,0.745
VE,2008,0.754
VE,2009,0.754
VE,2010,0.756
VE,2011,0.767
VE,2012,0.77
VE,2013,0.771
VE,2014,0.769
VE,2015,0.767
VM,1990,0.477
VM,1991,0.486
VM,1992,0.498
VM,1993,0.508
VM,1994,0.519
VM,1995,0.531
VM,1996,0.542
VM,1997,0.542
VM,1998,0.562
VM,1999,0.569
VM,2000,0.576
VM,2001,0.584
VM,2002,0.592
VM,2003,0.601
VM,2004,0.609
VM,2005,0.618
VM,2006,0.625
VM,2007,0.633
VM,2008,0.641
VM,2009,0.647
VM,2010,0.655
VM,2011,0.662
VM,2012,0.668
VM,2013,0.675
VM,2014,0.678
VM,2015,0.683
YM,1990,0.405
YM,1991,0.408
YM,1992,0.412
YM,1993,0.414
YM,1994,0.418
YM,1995,0.421
YM,1996,0.424
YM,1997,0.428
YM,1998,0.432
YM,1999,0.436
YM,2000,0.444
YM,2001,0.45
YM,2002,0.457
YM,2003,0.464
YM,2004,0.47
YM,2005,0.475
YM,2006,0.477
YM,2007,0.48
YM,2008,0.483
YM,2009,0.488
YM,2010,0.493
YM,2011,0.494
YM,2012,0.498
YM,2013,0.5
YM,2014,0.499
YM,2015,0.482
ZA,1990,0.398
ZA,1991,0.396
ZA,1992,0.397
ZA,1993,0.402
ZA,1994,0.401
ZA,1995,0.405
ZA,1996,0.408
ZA,1997,0.411
ZA,1998,0.413
ZA,1999,0.418
ZA,2000,0.424
ZA,2001,0.433
ZA,2002,0.443
ZA,2003,0.456
ZA,2004,0.467
ZA,2005,0.479
ZA,2006,0.492
ZA,2007,0.504
ZA,2008,0.518
ZA,2009,0.533
ZA,2010,0.543
ZA,2011,0.554
ZA,2012,0.565
ZA,2013,0.57
ZA,2014,0.576
ZA,2015,0.579
ZI,1990,0.499
ZI,1991,0.501
ZI,1992,0.486
ZI,1993,0.479
ZI,1994,0.475
ZI,1995,0.465
ZI,1996,0.46
ZI,1997,0.451
ZI,1998,0.442
ZI,1999,0.434
ZI,2000,0.427
ZI,2001,0.427
ZI,2002,0.418
ZI,2003,0.407
ZI,2004,0.406
ZI,2005,0.408
ZI,2006,0.414
ZI,2007,0.421
ZI,2008,0.419
ZI,2009,0.436
ZI,2010,0.452
ZI,2011,0.464
ZI,2012,0.488
ZI,2013,0.498
ZI,2014,0.507
ZI,2015,0.516
